id,outline,director,genre,certificate,representation,year,pkg_name,rating,runtime,date,actor,stars,name
1,Image classification,Education,Static,Pop-up messages,Text,https://github.com/jasonxsiu/GalleryImages/blob/main/Gif/plantV.gif?raw=true,plantvillage.nuru,5,50,1974-04-30T10:29:29+05:30,Al Pacino,Marlon Brando,PlantVillage
2,Image classification,Education,Static,Instruction,Text,https://github.com/jasonxsiu/GalleryImages/blob/main/Gif/plantV.gif?raw=true,plantvillage.nuru,5,50,1974-04-30T10:29:29+05:31,Al Pacino,Marlon Brando,PlantVillage
3,Image classification,Education,Static,Illustration of correct input,Visual,https://github.com/jasonxsiu/GalleryImages/blob/main/Gif/plantV.gif?raw=true,plantvillage.nuru,5,50,1974-04-30T10:29:29+05:32,Al Pacino,Marlon Brando,PlantVillage
4,Image classification,Education,Static,Vibration,Haptic,https://github.com/jasonxsiu/GalleryImages/blob/main/Gif/plantV.gif?raw=true,plantvillage.nuru,5,50,1974-04-30T10:29:29+05:33,Al Pacino,Marlon Brando,PlantVillage
5,Image classification,Education,Dynamic,Camera adjustment,Visual,https://github.com/jasonxsiu/GalleryImages/blob/main/Gif/plantV.gif?raw=true,plantvillage.nuru,5,50,1974-04-30T10:29:29+05:34,Al Pacino,Marlon Brando,PlantVillage
6,Image classification,Education,Dynamic,Auto focusing object,Visual,https://github.com/jasonxsiu/GalleryImages/blob/main/Gif/plantV.gif?raw=true,plantvillage.nuru,5,50,1974-04-30T10:29:29+05:35,Al Pacino,Marlon Brando,PlantVillage
7,Object detection and tracking,Education,Static,Pop-up messages,Text,https://github.com/jasonxsiu/GalleryImages/blob/main/Gif/plantV.gif?raw=true,plantvillage.nuru,5,50,1974-04-30T10:29:29+05:36,Al Pacino,Marlon Brando,PlantVillage
8,Object detection and tracking,Education,Static,Instruction,Text,https://github.com/jasonxsiu/GalleryImages/blob/main/Gif/plantV.gif?raw=true,plantvillage.nuru,5,50,1974-04-30T10:29:29+05:37,Al Pacino,Marlon Brando,PlantVillage
9,Object detection and tracking,Education,Static,Illustration of correct input,Visual,https://github.com/jasonxsiu/GalleryImages/blob/main/Gif/plantV.gif?raw=true,plantvillage.nuru,5,50,1974-04-30T10:29:29+05:38,Al Pacino,Marlon Brando,PlantVillage
10,Object detection and tracking,Education,Static,Vibration,Haptic,https://github.com/jasonxsiu/GalleryImages/blob/main/Gif/plantV.gif?raw=true,plantvillage.nuru,5,50,1974-04-30T10:29:29+05:39,Al Pacino,Marlon Brando,PlantVillage
11,Object detection and tracking,Education,Dynamic,Camera adjustment,Visual,https://github.com/jasonxsiu/GalleryImages/blob/main/Gif/plantV.gif?raw=true,plantvillage.nuru,5,50,1974-04-30T10:29:29+05:40,Al Pacino,Marlon Brando,PlantVillage
12,Object detection and tracking,Education,Dynamic,Auto focusing object,Visual,https://github.com/jasonxsiu/GalleryImages/blob/main/Gif/plantV.gif?raw=true,plantvillage.nuru,5,50,1974-04-30T10:29:29+05:41,Al Pacino,Marlon Brando,PlantVillage
13,Object detection and tracking,Education,Dynamic,Text suggestion,Text,https://github.com/jasonxsiu/GalleryImages/blob/main/Gif/plantV.gif?raw=true,plantvillage.nuru,5,50,1974-04-30T10:29:29+05:42,Al Pacino,Marlon Brando,PlantVillage
14,Object detection and tracking,Education,Dynamic,Object marker,Visual,https://github.com/jasonxsiu/GalleryImages/blob/main/Gif/plantV.gif?raw=true,plantvillage.nuru,5,50,1974-04-30T10:29:29+05:43,Al Pacino,Marlon Brando,PlantVillage
15,Image classification,Education,Dynamic,Text suggestion,Text,https://github.com/jasonxsiu/GalleryImages/blob/main/Gif/plantV.gif?raw=true,plantvillage.nuru,5,50,1974-04-30T10:29:29+05:44,Al Pacino,Marlon Brando,PlantVillage
16,Image classification,Education,Dynamic,Object marker,Visual,https://github.com/jasonxsiu/GalleryImages/blob/main/Gif/plantV.gif?raw=true,plantvillage.nuru,5,50,1974-04-30T10:29:29+05:45,Al Pacino,Marlon Brando,PlantVillage
17,Text recognition,Tools,Dynamic,Camera adjustment,Visual,https://github.com/jasonxsiu/GalleryImages/blob/main/Gif/com.aresmob.transmaster.gif?raw=true,com.aresmob.transmaster,5,50,1974-04-30T10:29:29+05:46,Al Pacino,Marlon Brando,"Translator Foto?translate, scan & print photo, pdf 6"
18,Text recognition,Tools,Dynamic,Photo editor,Visual,https://github.com/jasonxsiu/GalleryImages/blob/main/Gif/com.aresmob.transmaster.gif?raw=true,com.aresmob.transmaster,5,50,1974-04-30T10:29:29+05:47,Al Pacino,Marlon Brando,"Translator Foto?translate, scan & print photo, pdf 7"
19,Text recognition,Tools,Static,Camera frame,Visual,https://github.com/jasonxsiu/GalleryImages/blob/main/Gif/com.aresmob.transmaster.gif?raw=true,com.aresmob.transmaster,5,50,1974-04-30T10:29:29+05:48,Al Pacino,Marlon Brando,"Translator Foto?translate, scan & print photo, pdf 8"
20,Text recognition,Tools,Static,Pop-up messages,Text,https://github.com/jasonxsiu/GalleryImages/blob/main/Gif/com.aresmob.transmaster.gif?raw=true,com.aresmob.transmaster,5,50,1974-04-30T10:29:29+05:49,Al Pacino,Marlon Brando,"Translator Foto?translate, scan & print photo, pdf 9"
21,Text recognition,Tools,No Interaction,Importing files,None,https://github.com/jasonxsiu/GalleryImages/blob/main/Gif/com.aresmob.transmaster_PDF.gif?raw=true,com.aresmob.transmaster,5,50,1974-04-30T10:29:29+05:50,Al Pacino,Marlon Brando,"Translator Foto?translate, scan & print photo, pdf 10"
22,Text recognition,Tools,Static,Instruction,Text,https://github.com/jasonxsiu/GalleryImages/blob/main/Gif/com.aresmob.transmaster_PDF.gif?raw=true,com.aresmob.transmaster,5,50,1974-04-30T10:29:29+05:51,Al Pacino,Marlon Brando,"Translator Foto?translate, scan & print photo, pdf 11"
23,Text recognition,Tools,Static,Pop-up messages,Text,https://github.com/jasonxsiu/GalleryImages/blob/main/Gif/com.aresmob.transmaster_TR.gif?raw=true,com.aresmob.transmaster,5,50,1974-04-30T10:29:29+05:52,Al Pacino,Marlon Brando,"Translator Foto?translate, scan & print photo, pdf 12"
24,Text recognition,Tools,Static,Camera frame,Visual,https://github.com/jasonxsiu/GalleryImages/blob/main/Gif/com.aresmob.transmaster_TR.gif?raw=true,com.aresmob.transmaster,5,50,1974-04-30T10:29:29+05:53,Al Pacino,Marlon Brando,"Translator Foto?translate, scan & print photo, pdf 13"
25,Text recognition,Tools,Dynamic,Camera adjustment,Visual,https://github.com/jasonxsiu/GalleryImages/blob/main/Gif/com.aresmob.transmaster_TR.gif?raw=true,com.aresmob.transmaster,5,50,1974-04-30T10:29:29+05:54,Al Pacino,Marlon Brando,"Translator Foto?translate, scan & print photo, pdf 14"
26,Image classification,Tools,Static,Camera frame,Visual,https://github.com/jasonxsiu/GalleryImages/blob/main/Gif/com.aresmob.transmaster_OD.gif?raw=true,com.aresmob.transmaster,5,50,1974-04-30T10:29:29+05:55,Al Pacino,Marlon Brando,"Translator Foto?translate, scan & print photo, pdf 15"
27,Image classification,Tools,Static,Pop-up messages,Text,https://github.com/jasonxsiu/GalleryImages/blob/main/Gif/com.aresmob.transmaster_OD.gif?raw=true,com.aresmob.transmaster,5,50,1974-04-30T10:29:29+05:56,Al Pacino,Marlon Brando,"Translator Foto?translate, scan & print photo, pdf 16"
28,Image classification,Tools,Dynamic,Photo editor,Visual,https://github.com/jasonxsiu/GalleryImages/blob/main/Gif/com.aresmob.transmaster_OD.gif?raw=true,com.aresmob.transmaster,5,50,1974-04-30T10:29:29+05:57,Al Pacino,Marlon Brando,"Translator Foto?translate, scan & print photo, pdf 17"
29,Pose detection,Health and Fitness,Dynamic,Auditory feedback (Dynamic),Aural,https://github.com/jasonxsiu/GalleryImages/blob/main/Gif/com.familyfit.google.baduanjin.gif?raw=true,com.familyfit.google.baduanjin,5,50,1974-04-30T10:29:29+05:58,Al Pacino,Marlon Brando,Ba Duan Jin - a martial arts guide
30,Pose detection,Health and Fitness,Dynamic,Auto focusing object,Visual,https://github.com/jasonxsiu/GalleryImages/blob/main/Gif/com.familyfit.google.baduanjin.gif?raw=true,com.familyfit.google.baduanjin,5,50,1974-04-30T10:29:29+05:59,Al Pacino,Marlon Brando,Ba Duan Jin - a martial arts guide
31,Pose detection,Health and Fitness,Static,Pop-up messages,Text,https://github.com/jasonxsiu/GalleryImages/blob/main/Gif/com.familyfit.google.baduanjin.gif?raw=true,com.familyfit.google.baduanjin,5,50,1974-04-30T10:29:29+05:60,Al Pacino,Marlon Brando,Ba Duan Jin - a martial arts guide
32,Pose detection,Health and Fitness,Static,Instruction,Text,https://github.com/jasonxsiu/GalleryImages/blob/main/Gif/com.familyfit.google.baduanjin.gif?raw=true,com.familyfit.google.baduanjin,5,50,1974-04-30T10:29:29+05:61,Al Pacino,Marlon Brando,Ba Duan Jin - a martial arts guide
33,Pose detection,Health and Fitness,Static,Camera frame,Visual,https://github.com/jasonxsiu/GalleryImages/blob/main/Gif/com.familyfit.google.baduanjin.gif?raw=true,com.familyfit.google.baduanjin,5,50,1974-04-30T10:29:29+05:62,Al Pacino,Marlon Brando,Ba Duan Jin - a martial arts guide
34,Pose detection,Health and Fitness,Static,Illustration of correct input,Visual,https://github.com/jasonxsiu/GalleryImages/blob/main/Gif/com.familyfit.google.baduanjin.gif?raw=true,com.familyfit.google.baduanjin,5,50,1974-04-30T10:29:29+05:63,Al Pacino,Marlon Brando,Ba Duan Jin - a martial arts guide
35,Pose detection,Health and Fitness,Static,Vibration,Haptic,https://github.com/jasonxsiu/GalleryImages/blob/main/Gif/com.familyfit.google.baduanjin.gif?raw=true,com.familyfit.google.baduanjin,5,50,1974-04-30T10:29:29+05:64,Al Pacino,Marlon Brando,Ba Duan Jin - a martial arts guide
36,Pose detection,Health and Fitness,Static,Auditory feedback (Static),Aural,https://github.com/jasonxsiu/GalleryImages/blob/main/Gif/com.familyfit.google.baduanjin.gif?raw=true,com.familyfit.google.baduanjin,5,50,1974-04-30T10:29:29+05:65,Al Pacino,Marlon Brando,Ba Duan Jin - a martial arts guide
37,Pose detection,Health and Fitness,Dynamic,Camera adjustment,Visual,https://github.com/jasonxsiu/GalleryImages/blob/main/Gif/com.familyfit.google.baduanjin.gif?raw=true,com.familyfit.google.baduanjin,5,50,1974-04-30T10:29:29+05:66,Al Pacino,Marlon Brando,Ba Duan Jin - a martial arts guide
38,Audio classification,Education,Dynamic,Auditory feedback (Dynamic),Aural,https://github.com/jasonxsiu/GalleryImages/blob/main/Gif/com.joytunes.simplypiano.gif?raw=true,com.joytunes.simplypiano,5,50,1974-04-30T10:29:29+05:67,Al Pacino,Marlon Brando,Simply Piano by JoyTunes
39,Audio classification,Education,Static,Pop-up messages,Text,https://github.com/jasonxsiu/GalleryImages/blob/main/Gif/com.joytunes.simplypiano.gif?raw=true,com.joytunes.simplypiano,5,50,1974-04-30T10:29:29+05:68,Al Pacino,Marlon Brando,Simply Piano by JoyTunes
40,Audio classification,Education,Static,Instruction,Text,https://github.com/jasonxsiu/GalleryImages/blob/main/Gif/com.joytunes.simplypiano.gif?raw=true,com.joytunes.simplypiano,5,50,1974-04-30T10:29:29+05:69,Al Pacino,Marlon Brando,Simply Piano by JoyTunes
41,Audio classification,Education,Static,Illustration of correct input,Visual,https://github.com/jasonxsiu/GalleryImages/blob/main/Gif/com.joytunes.simplypiano.gif?raw=true,com.joytunes.simplypiano,5,50,1974-04-30T10:29:29+05:70,Al Pacino,Marlon Brando,Simply Piano by JoyTunes
42,Audio classification,Education,Static,Auditory feedback (Static),Aural,https://github.com/jasonxsiu/GalleryImages/blob/main/Gif/com.joytunes.simplypiano.gif?raw=true,com.joytunes.simplypiano,5,50,1974-04-30T10:29:29+05:71,Al Pacino,Marlon Brando,Simply Piano by JoyTunes
43,Audio classification,Education,Dynamic,Text suggestion,Text,https://github.com/jasonxsiu/GalleryImages/blob/main/Gif/com.joytunes.simplypiano.gif?raw=true,com.joytunes.simplypiano,5,50,1974-04-30T10:29:29+05:72,Al Pacino,Marlon Brando,Simply Piano by JoyTunes
44,Image classification,Tools,Dynamic,Text suggestion,Text,https://github.com/jasonxsiu/GalleryImages/blob/main/Gif/com.nhn.android.search.IC.gif?raw=true,com.nhn.android.search,5,50,1974-04-30T10:29:29+05:73,Al Pacino,Marlon Brando,네이버-Naver
45,Image classification,Tools,Static,Auditory feedback (Static),Aural,https://github.com/jasonxsiu/GalleryImages/blob/main/Gif/com.nhn.android.search.IC.gif?raw=true,com.nhn.android.search,5,50,1974-04-30T10:29:29+05:74,Al Pacino,Marlon Brando,네이버-Naver
46,Image classification,Tools,Dynamic,Auto focusing object,Visual,https://github.com/jasonxsiu/GalleryImages/blob/main/Gif/com.nhn.android.search.IC.gif?raw=true,com.nhn.android.search,5,50,1974-04-30T10:29:29+05:75,Al Pacino,Marlon Brando,네이버-Naver
47,Image classification,Tools,Dynamic,Camera adjustment,Visual,https://github.com/jasonxsiu/GalleryImages/blob/main/Gif/com.nhn.android.search.IC.gif?raw=true,com.nhn.android.search,5,50,1974-04-30T10:29:29+05:76,Al Pacino,Marlon Brando,네이버-Naver
48,Image classification,Tools,Dynamic,Photo editor,Visual,https://github.com/jasonxsiu/GalleryImages/blob/main/Gif/com.nhn.android.search.IC.gif?raw=true,com.nhn.android.search,5,50,1974-04-30T10:29:29+05:77,Al Pacino,Marlon Brando,네이버-Naver
49,Image classification,Tools,Static,Pop-up messages,Text,https://github.com/jasonxsiu/GalleryImages/blob/main/Gif/com.nhn.android.search.IC.gif?raw=true,com.nhn.android.search,5,50,1974-04-30T10:29:29+05:78,Al Pacino,Marlon Brando,네이버-Naver
50,Image classification,Tools,Static,Instruction,Text,https://github.com/jasonxsiu/GalleryImages/blob/main/Gif/com.nhn.android.search.IC.gif?raw=true,com.nhn.android.search,5,50,1974-04-30T10:29:29+05:79,Al Pacino,Marlon Brando,네이버-Naver
51,Image classification,Tools,Static,Camera frame,Visual,https://github.com/jasonxsiu/GalleryImages/blob/main/Gif/com.nhn.android.search.IC.gif?raw=true,com.nhn.android.search,5,50,1974-04-30T10:29:29+05:80,Al Pacino,Marlon Brando,네이버-Naver
52,Image classification,Tools,Static,Illustration of correct input,Visual,https://github.com/jasonxsiu/GalleryImages/blob/main/Gif/com.nhn.android.search.IC.gif?raw=true,com.nhn.android.search,5,50,1974-04-30T10:29:29+05:81,Al Pacino,Marlon Brando,네이버-Naver
53,Image classification,Tools,Static,Vibration,Haptic,https://github.com/jasonxsiu/GalleryImages/blob/main/Gif/com.nhn.android.search.IC.gif?raw=true,com.nhn.android.search,5,50,1974-04-30T10:29:29+05:82,Al Pacino,Marlon Brando,네이버-Naver
54,Audio classification,Tools,Dynamic,Auditory feedback (Dynamic),Aural,https://github.com/jasonxsiu/GalleryImages/blob/main/Gif/com.nhn.android.search.AC.gif?raw=true,com.nhn.android.search,5,50,1974-04-30T10:29:29+05:83,Al Pacino,Marlon Brando,네이버-Naver
55,Text recognition,Tools,Static,Vibration,Haptic,https://github.com/jasonxsiu/GalleryImages/blob/main/Gif/com.nhn.android.search.TR.gif?raw=true,com.nhn.android.search,5,50,1974-04-30T10:29:29+05:84,Al Pacino,Marlon Brando,네이버-Naver
56,Text recognition,Tools,Dynamic,Auditory feedback (Dynamic),Aural,https://github.com/jasonxsiu/GalleryImages/blob/main/Gif/com.nhn.android.search.TR.gif?raw=true,com.nhn.android.search,5,50,1974-04-30T10:29:29+05:85,Al Pacino,Marlon Brando,네이버-Naver
57,Text recognition,Tools,Static,Pop-up messages,Text,https://github.com/jasonxsiu/GalleryImages/blob/main/Gif/com.nhn.android.search.TR.gif?raw=true,com.nhn.android.search,5,50,1974-04-30T10:29:29+05:86,Al Pacino,Marlon Brando,네이버-Naver
58,Text recognition,Tools,Static,Instruction,Text,https://github.com/jasonxsiu/GalleryImages/blob/main/Gif/com.nhn.android.search.TR.gif?raw=true,com.nhn.android.search,5,50,1974-04-30T10:29:29+05:87,Al Pacino,Marlon Brando,네이버-Naver
59,Text recognition,Tools,Static,Illustration of correct input,Visual,https://github.com/jasonxsiu/GalleryImages/blob/main/Gif/com.nhn.android.search.TR.gif?raw=true,com.nhn.android.search,5,50,1974-04-30T10:29:29+05:88,Al Pacino,Marlon Brando,네이버-Naver
60,Text recognition,Tools,Static,Auditory feedback (Static),Aural,https://github.com/jasonxsiu/GalleryImages/blob/main/Gif/com.nhn.android.search.TR.gif?raw=true,com.nhn.android.search,5,50,1974-04-30T10:29:29+05:89,Al Pacino,Marlon Brando,네이버-Naver
61,Text recognition,Tools,Dynamic,Text suggestion,Text,https://github.com/jasonxsiu/GalleryImages/blob/main/Gif/com.nhn.android.search.TR.gif?raw=true,com.nhn.android.search,5,50,1974-04-30T10:29:29+05:90,Al Pacino,Marlon Brando,네이버-Naver
62,Speech recongnition,Tools,Dynamic,Auditory feedback (Dynamic),Aural,https://github.com/jasonxsiu/GalleryImages/blob/main/Gif/com.nhn.android.search.SR.gif?raw=true,com.nhn.android.search,5,50,1974-04-30T10:29:29+05:91,Al Pacino,Marlon Brando,네이버-Naver
63,Speech recongnition,Tools,Static,Pop-up messages,Text,https://github.com/jasonxsiu/GalleryImages/blob/main/Gif/com.nhn.android.search.SR.gif?raw=true,com.nhn.android.search,5,50,1974-04-30T10:29:29+05:92,Al Pacino,Marlon Brando,네이버-Naver
64,Speech recongnition,Tools,Static,Instruction,Text,https://github.com/jasonxsiu/GalleryImages/blob/main/Gif/com.nhn.android.search.SR.gif?raw=true,com.nhn.android.search,5,50,1974-04-30T10:29:29+05:93,Al Pacino,Marlon Brando,네이버-Naver
65,Speech recongnition,Tools,Static,Illustration of correct input,Visual,https://github.com/jasonxsiu/GalleryImages/blob/main/Gif/com.nhn.android.search.SR.gif?raw=true,com.nhn.android.search,5,50,1974-04-30T10:29:29+05:94,Al Pacino,Marlon Brando,네이버-Naver
66,Speech recongnition,Tools,Static,Auditory feedback (Static),Aural,https://github.com/jasonxsiu/GalleryImages/blob/main/Gif/com.nhn.android.search.SR.gif?raw=true,com.nhn.android.search,5,50,1974-04-30T10:29:29+05:95,Al Pacino,Marlon Brando,네이버-Naver
67,Speech recongnition,Tools,Dynamic,Text suggestion,Text,https://github.com/jasonxsiu/GalleryImages/blob/main/Gif/com.nhn.android.search.SR.gif?raw=true,com.nhn.android.search,5,50,1974-04-30T10:29:29+05:96,Al Pacino,Marlon Brando,네이버-Naver
68,Face detection,Libraries and Demo,Static,Pop-up messages,Text,https://github.com/jasonxsiu/GalleryImages/blob/main/Gif/ai.fritz.heartbeat.FD.gif?raw=true,ai.fritz.heartbeat,5,50,1974-04-30T10:29:29+05:97,Al Pacino,Marlon Brando,Fritz AI Studio
69,Face detection,Libraries and Demo,Static,Instruction,Text,https://github.com/jasonxsiu/GalleryImages/blob/main/Gif/ai.fritz.heartbeat.FD.gif?raw=true,ai.fritz.heartbeat,5,50,1974-04-30T10:29:29+05:98,Al Pacino,Marlon Brando,Fritz AI Studio
70,Face detection,Libraries and Demo,Static,Illustration of correct input,Visual,https://github.com/jasonxsiu/GalleryImages/blob/main/Gif/ai.fritz.heartbeat.FD.gif?raw=true,ai.fritz.heartbeat,5,50,1974-04-30T10:29:29+05:99,Al Pacino,Marlon Brando,Fritz AI Studio
71,Face detection,Libraries and Demo,Static,Vibration,Haptic,https://github.com/jasonxsiu/GalleryImages/blob/main/Gif/ai.fritz.heartbeat.FD.gif?raw=true,ai.fritz.heartbeat,5,50,1974-04-30T10:29:29+05:100,Al Pacino,Marlon Brando,Fritz AI Studio
72,Face detection,Libraries and Demo,Dynamic,Camera adjustment,Visual,https://github.com/jasonxsiu/GalleryImages/blob/main/Gif/ai.fritz.heartbeat.FD.gif?raw=true,ai.fritz.heartbeat,5,50,1974-04-30T10:29:29+05:101,Al Pacino,Marlon Brando,Fritz AI Studio
73,Face detection,Libraries and Demo,Dynamic,Photo editor,Visual,https://github.com/jasonxsiu/GalleryImages/blob/main/Gif/ai.fritz.heartbeat.FD.gif?raw=true,ai.fritz.heartbeat,5,50,1974-04-30T10:29:29+05:102,Al Pacino,Marlon Brando,Fritz AI Studio
74,Object detection and tracking,Libraries and Demo,Dynamic,Auto focusing object,Visual,https://github.com/jasonxsiu/GalleryImages/blob/main/Gif/ai.fritz.heartbeat.OD.gif?raw=true,ai.fritz.heartbeat,5,50,1974-04-30T10:29:29+05:103,Al Pacino,Marlon Brando,Fritz AI Studio
75,Object detection and tracking,Libraries and Demo,Static,Pop-up messages,Text,https://github.com/jasonxsiu/GalleryImages/blob/main/Gif/ai.fritz.heartbeat.OD.gif?raw=true,ai.fritz.heartbeat,5,50,1974-04-30T10:29:29+05:104,Al Pacino,Marlon Brando,Fritz AI Studio
76,Object detection and tracking,Libraries and Demo,Static,Instruction,Text,https://github.com/jasonxsiu/GalleryImages/blob/main/Gif/ai.fritz.heartbeat.OD.gif?raw=true,ai.fritz.heartbeat,5,50,1974-04-30T10:29:29+05:105,Al Pacino,Marlon Brando,Fritz AI Studio
77,Object detection and tracking,Libraries and Demo,Static,Illustration of correct input,Visual,https://github.com/jasonxsiu/GalleryImages/blob/main/Gif/ai.fritz.heartbeat.OD.gif?raw=true,ai.fritz.heartbeat,5,50,1974-04-30T10:29:29+05:106,Al Pacino,Marlon Brando,Fritz AI Studio
78,Object detection and tracking,Libraries and Demo,Static,Vibration,Haptic,https://github.com/jasonxsiu/GalleryImages/blob/main/Gif/ai.fritz.heartbeat.OD.gif?raw=true,ai.fritz.heartbeat,5,50,1974-04-30T10:29:29+05:107,Al Pacino,Marlon Brando,Fritz AI Studio
79,Object detection and tracking,Libraries and Demo,Dynamic,Camera adjustment,Visual,https://github.com/jasonxsiu/GalleryImages/blob/main/Gif/ai.fritz.heartbeat.OD.gif?raw=true,ai.fritz.heartbeat,5,50,1974-04-30T10:29:29+05:108,Al Pacino,Marlon Brando,Fritz AI Studio
80,Object detection and tracking,Libraries and Demo,Dynamic,Text suggestion,Text,https://github.com/jasonxsiu/GalleryImages/blob/main/Gif/ai.fritz.heartbeat.OD.gif?raw=true,ai.fritz.heartbeat,5,50,1974-04-30T10:29:29+05:109,Al Pacino,Marlon Brando,Fritz AI Studio
81,Pose detection,Libraries and Demo,Dynamic,Auto focusing object,Visual,https://github.com/jasonxsiu/GalleryImages/blob/main/Gif/ai.fritz.heartbeat.PD.gif?raw=true,ai.fritz.heartbeat,5,50,1974-04-30T10:29:29+05:110,Al Pacino,Marlon Brando,Fritz AI Studio
82,Pose detection,Libraries and Demo,Static,Pop-up messages,Text,https://github.com/jasonxsiu/GalleryImages/blob/main/Gif/ai.fritz.heartbeat.PD.gif?raw=true,ai.fritz.heartbeat,5,50,1974-04-30T10:29:29+05:111,Al Pacino,Marlon Brando,Fritz AI Studio
83,Pose detection,Libraries and Demo,Static,Instruction,Text,https://github.com/jasonxsiu/GalleryImages/blob/main/Gif/ai.fritz.heartbeat.PD.gif?raw=true,ai.fritz.heartbeat,5,50,1974-04-30T10:29:29+05:112,Al Pacino,Marlon Brando,Fritz AI Studio
84,Pose detection,Libraries and Demo,Static,Illustration of correct input,Visual,https://github.com/jasonxsiu/GalleryImages/blob/main/Gif/ai.fritz.heartbeat.PD.gif?raw=true,ai.fritz.heartbeat,5,50,1974-04-30T10:29:29+05:113,Al Pacino,Marlon Brando,Fritz AI Studio
85,Pose detection,Libraries and Demo,Static,Vibration,Haptic,https://github.com/jasonxsiu/GalleryImages/blob/main/Gif/ai.fritz.heartbeat.PD.gif?raw=true,ai.fritz.heartbeat,5,50,1974-04-30T10:29:29+05:114,Al Pacino,Marlon Brando,Fritz AI Studio
86,Pose detection,Libraries and Demo,Dynamic,Camera adjustment,Visual,https://github.com/jasonxsiu/GalleryImages/blob/main/Gif/ai.fritz.heartbeat.PD.gif?raw=true,ai.fritz.heartbeat,5,50,1974-04-30T10:29:29+05:115,Al Pacino,Marlon Brando,Fritz AI Studio
87,Style transfer,Libraries and Demo,No Interaction,No interaction with hardware input,None,https://github.com/jasonxsiu/GalleryImages/blob/main/Gif/ai.fritz.heartbeat_sty_no_in.gif?raw=true,ai.fritz.heartbeat,5,50,1974-04-30T10:29:29+05:116,Al Pacino,Marlon Brando,Fritz AI Studio
88,Image classification,Libraries and Demo,Dynamic,Auto focusing object,Visual,https://github.com/jasonxsiu/GalleryImages/blob/main/Gif/ai.fritz.heartbeat.IL.gif?raw=true,ai.fritz.heartbeat,5,50,1974-04-30T10:29:29+05:117,Al Pacino,Marlon Brando,Fritz AI Studio
89,Image classification,Libraries and Demo,Static,Pop-up messages,Text,https://github.com/jasonxsiu/GalleryImages/blob/main/Gif/ai.fritz.heartbeat.IL.gif?raw=true,ai.fritz.heartbeat,5,50,1974-04-30T10:29:29+05:118,Al Pacino,Marlon Brando,Fritz AI Studio
90,Image classification,Libraries and Demo,Static,Instruction,Text,https://github.com/jasonxsiu/GalleryImages/blob/main/Gif/ai.fritz.heartbeat.IL.gif?raw=true,ai.fritz.heartbeat,5,50,1974-04-30T10:29:29+05:119,Al Pacino,Marlon Brando,Fritz AI Studio
91,Image classification,Libraries and Demo,Static,Illustration of correct input,Visual,https://github.com/jasonxsiu/GalleryImages/blob/main/Gif/ai.fritz.heartbeat.IL.gif?raw=true,ai.fritz.heartbeat,5,50,1974-04-30T10:29:29+05:120,Al Pacino,Marlon Brando,Fritz AI Studio
92,Image classification,Libraries and Demo,Static,Vibration,Haptic,https://github.com/jasonxsiu/GalleryImages/blob/main/Gif/ai.fritz.heartbeat.IL.gif?raw=true,ai.fritz.heartbeat,5,50,1974-04-30T10:29:29+05:121,Al Pacino,Marlon Brando,Fritz AI Studio
93,Image classification,Libraries and Demo,Dynamic,Camera adjustment,Visual,https://github.com/jasonxsiu/GalleryImages/blob/main/Gif/ai.fritz.heartbeat.IL.gif?raw=true,ai.fritz.heartbeat,5,50,1974-04-30T10:29:29+05:122,Al Pacino,Marlon Brando,Fritz AI Studio
94,Image classification,Libraries and Demo,Dynamic,Text suggestion,Text,https://github.com/jasonxsiu/GalleryImages/blob/main/Gif/ai.fritz.heartbeat.IL.gif?raw=true,ai.fritz.heartbeat,5,50,1974-04-30T10:29:29+05:123,Al Pacino,Marlon Brando,Fritz AI Studio
95,Face detection,Libraries and Demo,Dynamic,Auto focusing object,Visual,https://github.com/jasonxsiu/GalleryImages/blob/main/Gif/ch.zhaw.facerecognition.gif?raw=true,ch.zhaw.facerecognition,5,50,1974-04-30T10:29:29+05:124,Al Pacino,Marlon Brando,Face Recognition
96,Entity extraction,Finance,Static,Instruction,Text,https://github.com/jasonxsiu/GalleryImages/blob/main/Gif/cn.com.hrcrb.mobilebank.per.gif?raw=true,cn.com.hrcrb.mobilebank.per,5,50,1974-04-30T10:29:29+05:125,Al Pacino,Marlon Brando,CHINA RESOURCES BANK 
97,Entity extraction,Finance,Static,Camera frame,Visual,https://github.com/jasonxsiu/GalleryImages/blob/main/Gif/cn.com.hrcrb.mobilebank.per.gif?raw=true,cn.com.hrcrb.mobilebank.per,5,50,1974-04-30T10:29:29+05:126,Al Pacino,Marlon Brando,CHINA RESOURCES BANK 
98,Entity extraction,Finance,Dynamic,Object marker,Visual,https://github.com/jasonxsiu/GalleryImages/blob/main/Gif/cn.com.hrcrb.mobilebank.per.gif?raw=true,cn.com.hrcrb.mobilebank.per,5,50,1974-04-30T10:29:29+05:127,Al Pacino,Marlon Brando,CHINA RESOURCES BANK 
99,Text recognition,Finance,Static,Instruction,Text,https://github.com/jasonxsiu/GalleryImages/blob/main/Gif/cn.com.hrcrb.mobilebank.per.gif?raw=true,cn.com.hrcrb.mobilebank.per,5,50,1974-04-30T10:29:29+05:128,Al Pacino,Marlon Brando,CHINA RESOURCES BANK 
100,Text recognition,Finance,Static,Camera frame,Visual,https://github.com/jasonxsiu/GalleryImages/blob/main/Gif/cn.com.hrcrb.mobilebank.per.gif?raw=true,cn.com.hrcrb.mobilebank.per,5,50,1974-04-30T10:29:29+05:129,Al Pacino,Marlon Brando,CHINA RESOURCES BANK 
101,Text recognition,Finance,Dynamic,Object marker,Visual,https://github.com/jasonxsiu/GalleryImages/blob/main/Gif/cn.com.hrcrb.mobilebank.per.gif?raw=true,cn.com.hrcrb.mobilebank.per,5,50,1974-04-30T10:29:29+05:130,Al Pacino,Marlon Brando,CHINA RESOURCES BANK 
102,Entity extraction,Finance,Static,Vibration,Haptic,https://github.com/jasonxsiu/GalleryImages/blob/main/Gif/cn.com.hrcrb.mobilebank.per.gif?raw=true,cn.com.hrcrb.mobilebank.per,5,50,1974-04-30T10:29:29+05:131,Al Pacino,Marlon Brando,CHINA RESOURCES BANK 
103,Text recognition,Finance,Static,Vibration,Haptic,https://github.com/jasonxsiu/GalleryImages/blob/main/Gif/cn.com.hrcrb.mobilebank.per.gif?raw=true,cn.com.hrcrb.mobilebank.per,5,50,1974-04-30T10:29:29+05:132,Al Pacino,Marlon Brando,CHINA RESOURCES BANK 
104,Face detection,Photography,Dynamic,Photo editor,Visual,https://github.com/jasonxsiu/GalleryImages/blob/main/Gif/cn.jingling.motu.photowonder.gif?raw=true,cn.jingling.motu.photowonder,5,50,1974-04-30T10:29:29+05:133,Al Pacino,Marlon Brando,PhotoWonder: Pro Beauty Photo Editor&Collage Maker
105,Face detection,Dating,No Interaction,Importing files,None,https://github.com/jasonxsiu/GalleryImages/blob/main/Gif/com.badoo.mobile.gif?raw=true,com.badoo.mobile,5,50,1974-04-30T10:29:29+05:134,Al Pacino,Marlon Brando,Badoo - Dating. Chat. Meet.
106,Face detection,Dating,No Interaction,No interaction with hardware input,None,https://github.com/jasonxsiu/GalleryImages/blob/main/Gif/com.badoo.mobile.gif?raw=true,com.badoo.mobile,5,50,1974-04-30T10:29:29+05:135,Al Pacino,Marlon Brando,Badoo - Dating. Chat. Meet.
107,Barcode scanning,Tools,Static,Pop-up messages,Text,https://github.com/jasonxsiu/GalleryImages/blob/main/Gif/com.baidu.BaiduMap_qr.gif?raw=true,com.baidu.BaiduMap,5,50,1974-04-30T10:29:29+05:136,Al Pacino,Marlon Brando,Baidu Map
108,Barcode scanning,Tools,Static,Instruction,Text,https://github.com/jasonxsiu/GalleryImages/blob/main/Gif/com.baidu.BaiduMap_qr.gif?raw=true,com.baidu.BaiduMap,5,50,1974-04-30T10:29:29+05:137,Al Pacino,Marlon Brando,Baidu Map
109,Barcode scanning,Tools,Static,Camera frame,Visual,https://github.com/jasonxsiu/GalleryImages/blob/main/Gif/com.baidu.BaiduMap_qr.gif?raw=true,com.baidu.BaiduMap,5,50,1974-04-30T10:29:29+05:138,Al Pacino,Marlon Brando,Baidu Map
110,Barcode scanning,Tools,Static,Flashlight,Visual,https://github.com/jasonxsiu/GalleryImages/blob/main/Gif/com.baidu.BaiduMap_qr.gif?raw=true,com.baidu.BaiduMap,5,50,1974-04-30T10:29:29+05:139,Al Pacino,Marlon Brando,Baidu Map
111,Barcode scanning,Tools,Static,Vibration,Haptic,https://github.com/jasonxsiu/GalleryImages/blob/main/Gif/com.baidu.BaiduMap_qr.gif?raw=true,com.baidu.BaiduMap,5,50,1974-04-30T10:29:29+05:140,Al Pacino,Marlon Brando,Baidu Map
112,Text recognition,Tools,Dynamic,Photo editor,Visual,https://github.com/jasonxsiu/GalleryImages/blob/main/Gif/com.baidu.BaiduMap_tran_dy.gif?raw=true,com.baidu.BaiduMap,5,50,1974-04-30T10:29:29+05:141,Al Pacino,Marlon Brando,Baidu Map
113,Text recognition,Tools,Static,Instruction,Text,https://github.com/jasonxsiu/GalleryImages/blob/main/Gif/com.baidu.BaiduMap_tran_dy.gif?raw=true,com.baidu.BaiduMap,5,50,1974-04-30T10:29:29+05:142,Al Pacino,Marlon Brando,Baidu Map
114,Text recognition,Tools,Static,Pop-up messages,Text,https://github.com/jasonxsiu/GalleryImages/blob/main/Gif/com.baidu.BaiduMap_tran_dy.gif?raw=true,com.baidu.BaiduMap,5,50,1974-04-30T10:29:29+05:143,Al Pacino,Marlon Brando,Baidu Map
115,Face detection,Photography,Dynamic,Auto focusing object,Visual,https://github.com/jasonxsiu/GalleryImages/blob/main/Gif/com.cam001.selfie.gif?raw=true,com.cam001.selfie,5,50,1974-04-30T10:29:29+05:144,Al Pacino,Marlon Brando,Sweet Selfie: Camera & Editor
116,Face detection,Photography,Dynamic,Photo editor,Visual,https://github.com/jasonxsiu/GalleryImages/blob/main/Gif/com.cam001.selfie.gif?raw=true,com.cam001.selfie,5,50,1974-04-30T10:29:29+05:145,Al Pacino,Marlon Brando,Sweet Selfie: Camera & Editor
117,Barcode scanning,Shopping,Static,Pop-up messages,Text,https://github.com/jasonxsiu/GalleryImages/blob/main/Gif/com.chinasoft.mall_QRCODE.gif?raw=true,com.chinasoft.mall,5,50,1974-04-30T10:29:29+05:146,Al Pacino,Marlon Brando,chinasoft mall 
118,Barcode scanning,Shopping,Static,Instruction,Text,https://github.com/jasonxsiu/GalleryImages/blob/main/Gif/com.chinasoft.mall_QRCODE.gif?raw=true,com.chinasoft.mall,5,50,1974-04-30T10:29:29+05:147,Al Pacino,Marlon Brando,chinasoft mall 
119,Barcode scanning,Shopping,Static,Camera frame,Visual,https://github.com/jasonxsiu/GalleryImages/blob/main/Gif/com.chinasoft.mall_QRCODE.gif?raw=true,com.chinasoft.mall,5,50,1974-04-30T10:29:29+05:148,Al Pacino,Marlon Brando,chinasoft mall 
120,Barcode scanning,Shopping,Static,Vibration,Haptic,https://github.com/jasonxsiu/GalleryImages/blob/main/Gif/com.chinasoft.mall_QRCODE.gif?raw=true,com.chinasoft.mall,5,50,1974-04-30T10:29:29+05:149,Al Pacino,Marlon Brando,chinasoft mall 
121,Barcode scanning,Shopping,Static,Auditory feedback (Static),Aural,https://github.com/jasonxsiu/GalleryImages/blob/main/Gif/com.chinasoft.mall_QRCODE.gif?raw=true,com.chinasoft.mall,5,50,1974-04-30T10:29:29+05:150,Al Pacino,Marlon Brando,chinasoft mall 
122,Barcode scanning,Shopping,No Interaction,Importing files,None,https://github.com/jasonxsiu/GalleryImages/blob/main/Gif/com.chinasoft.mall_no_inter.gif?raw=true,com.chinasoft.mall,5,50,1974-04-30T10:29:29+05:151,Al Pacino,Marlon Brando,chinasoft mall 
123,Speech recongnition,Shopping,Static,Pop-up messages,Text,https://github.com/jasonxsiu/GalleryImages/blob/main/Gif/com.chinasoft.mall_SR.gif?raw=true,com.chinasoft.mall,5,50,1974-04-30T10:29:29+05:152,Al Pacino,Marlon Brando,chinasoft mall 
124,Speech recongnition,Shopping,Static,Vibration,Haptic,https://github.com/jasonxsiu/GalleryImages/blob/main/Gif/com.chinasoft.mall_SR.gif?raw=true,com.chinasoft.mall,5,50,1974-04-30T10:29:29+05:153,Al Pacino,Marlon Brando,chinasoft mall 
125,Selfie segmentation,Photography,Static,Instruction,Text,https://github.com/jasonxsiu/GalleryImages/blob/main/Gif/com.cut.cutout.photo.background.editor.gif?raw=true,com.cut.cutout.photo.background.editor,5,50,1974-04-30T10:29:29+05:154,Al Pacino,Marlon Brando,Cutout Photos - Background Eraser with Cut & Paste
126,Selfie segmentation,Photography,Dynamic,Photo editor,Visual,https://github.com/jasonxsiu/GalleryImages/blob/main/Gif/com.cut.cutout.photo.background.editor.gif?raw=true,com.cut.cutout.photo.background.editor,5,50,1974-04-30T10:29:29+05:155,Al Pacino,Marlon Brando,Cutout Photos - Background Eraser with Cut & Paste
127,Selfie segmentation,Photography,No Interaction,Importing files,None,https://github.com/jasonxsiu/GalleryImages/blob/main/Gif/com.cut.cutout.photo.background.editor.gif?raw=true,com.cut.cutout.photo.background.editor,5,50,1974-04-30T10:29:29+05:156,Al Pacino,Marlon Brando,Cutout Photos - Background Eraser with Cut & Paste
128,Face detection,Photography,Dynamic,Auto focusing object,Visual,https://github.com/jasonxsiu/GalleryImages/blob/main/Gif/com.cyberlink.youcammakeup.gif?raw=true,com.cyberlink.youcammakeup,5,50,1974-04-30T10:29:29+05:157,Al Pacino,Marlon Brando,YouCam Makeup - Selfie Editor
129,Face detection,Photography,Dynamic,Camera adjustment,Visual,https://github.com/jasonxsiu/GalleryImages/blob/main/Gif/com.cyberlink.youcammakeup.gif?raw=true,com.cyberlink.youcammakeup,5,50,1974-04-30T10:29:29+05:158,Al Pacino,Marlon Brando,YouCam Makeup - Selfie Editor
130,Face detection,Photography,Dynamic,Photo editor,Visual,https://github.com/jasonxsiu/GalleryImages/blob/main/Gif/com.cyberlink.youcammakeup.gif?raw=true,com.cyberlink.youcammakeup,5,50,1974-04-30T10:29:29+05:159,Al Pacino,Marlon Brando,YouCam Makeup - Selfie Editor
131,Selfie segmentation,Photography,Dynamic,Auto focusing object,Visual,https://github.com/jasonxsiu/GalleryImages/blob/main/Gif/com.cyberlink.youcammakeup.gif?raw=true,com.cyberlink.youcammakeup,5,50,1974-04-30T10:29:29+05:160,Al Pacino,Marlon Brando,YouCam Makeup - Selfie Editor
132,Selfie segmentation,Photography,Dynamic,Camera adjustment,Visual,https://github.com/jasonxsiu/GalleryImages/blob/main/Gif/com.cyberlink.youcammakeup.gif?raw=true,com.cyberlink.youcammakeup,5,50,1974-04-30T10:29:29+05:161,Al Pacino,Marlon Brando,YouCam Makeup - Selfie Editor
133,Selfie segmentation,Photography,Dynamic,Photo editor,Visual,https://github.com/jasonxsiu/GalleryImages/blob/main/Gif/com.cyberlink.youcammakeup.gif?raw=true,com.cyberlink.youcammakeup,5,50,1974-04-30T10:29:29+05:162,Al Pacino,Marlon Brando,YouCam Makeup - Selfie Editor
134,Style transfer,Photography,Dynamic,Auto focusing object,Visual,https://github.com/jasonxsiu/GalleryImages/blob/main/Gif/com.cyberlink.youcammakeup.gif?raw=true,com.cyberlink.youcammakeup,5,50,1974-04-30T10:29:29+05:163,Al Pacino,Marlon Brando,YouCam Makeup - Selfie Editor
135,Style transfer,Photography,Dynamic,Camera adjustment,Visual,https://github.com/jasonxsiu/GalleryImages/blob/main/Gif/com.cyberlink.youcammakeup.gif?raw=true,com.cyberlink.youcammakeup,5,50,1974-04-30T10:29:29+05:164,Al Pacino,Marlon Brando,YouCam Makeup - Selfie Editor
136,Style transfer,Photography,Dynamic,Photo editor,Visual,https://github.com/jasonxsiu/GalleryImages/blob/main/Gif/com.cyberlink.youcammakeup.gif?raw=true,com.cyberlink.youcammakeup,5,50,1974-04-30T10:29:29+05:165,Al Pacino,Marlon Brando,YouCam Makeup - Selfie Editor
137,Face detection,Photography,No Interaction,Importing files,None,https://github.com/jasonxsiu/GalleryImages/blob/main/Gif/com.dailyselfie.newlook.studio.gif?raw=true,com.dailyselfie.newlook.studio,5,50,1974-04-30T10:29:29+05:166,Al Pacino,Marlon Brando,"Sweet Camera - Selfie Beauty Camera, Filters"
138,Face detection,Photography,No Interaction,No interaction with hardware input,None,https://github.com/jasonxsiu/GalleryImages/blob/main/Gif/com.dailyselfie.newlook.studio.gif?raw=true,com.dailyselfie.newlook.studio,5,50,1974-04-30T10:29:29+05:167,Al Pacino,Marlon Brando,"Sweet Camera - Selfie Beauty Camera, Filters"
139,Selfie segmentation,Photography,No Interaction,No interaction with hardware input,None,https://github.com/jasonxsiu/GalleryImages/blob/main/Gif/com.dailyselfie.newlook.studio.gif?raw=true,com.dailyselfie.newlook.studio,5,50,1974-04-30T10:29:29+05:168,Al Pacino,Marlon Brando,"Sweet Camera - Selfie Beauty Camera, Filters"
140,Selfie segmentation,Photography,No Interaction,Importing files,None,https://github.com/jasonxsiu/GalleryImages/blob/main/Gif/com.dailyselfie.newlook.studio.gif?raw=true,com.dailyselfie.newlook.studio,5,50,1974-04-30T10:29:29+05:169,Al Pacino,Marlon Brando,"Sweet Camera - Selfie Beauty Camera, Filters"
141,Speech recongnition,Finance,No Interaction,No interaction with hardware input,None,https://github.com/jasonxsiu/GalleryImages/blob/main/Gif/com.dengtacj.stock.gif?raw=true,com.dengtacj.stock,5,50,1974-04-30T10:29:29+05:170,Al Pacino,Marlon Brando,dengtacj stock
142,Speech recongnition,Finance,Static,Vibration,Haptic,https://github.com/jasonxsiu/GalleryImages/blob/main/Gif/com.dengtacj.stock.gif?raw=true,com.dengtacj.stock,5,50,1974-04-30T10:29:29+05:171,Al Pacino,Marlon Brando,dengtacj stock
143,Image classification,Entertainment,Static,Pop-up messages,Text,https://github.com/jasonxsiu/GalleryImages/blob/main/Gif/com.draw.clash.drawit.gif?raw=true,com.draw.clash.drawit,5,50,1974-04-30T10:29:29+05:172,Al Pacino,Marlon Brando,Draw Clash - AI Guess Drawing Game
144,Image classification,Entertainment,Static,Instruction,Text,https://github.com/jasonxsiu/GalleryImages/blob/main/Gif/com.draw.clash.drawit.gif?raw=true,com.draw.clash.drawit,5,50,1974-04-30T10:29:29+05:173,Al Pacino,Marlon Brando,Draw Clash - AI Guess Drawing Game
145,Image classification,Entertainment,Static,Illustration of correct input,Visual,https://github.com/jasonxsiu/GalleryImages/blob/main/Gif/com.draw.clash.drawit.gif?raw=true,com.draw.clash.drawit,5,50,1974-04-30T10:29:29+05:174,Al Pacino,Marlon Brando,Draw Clash - AI Guess Drawing Game
146,Text prediction,Productivity,Static,Pop-up messages,Text,https://github.com/jasonxsiu/GalleryImages/blob/main/Gif/com.easilydo.mail.gif?raw=true,com.easilydo.mail,5,50,1974-04-30T10:29:29+05:175,Al Pacino,Marlon Brando,Email - Lightning Fast & Secure Mail
147,Face detection,Photography,Static,Pop-up messages,Text,https://github.com/jasonxsiu/GalleryImages/blob/main/Gif/com.eraserphoto.cutout.backgroundeditor_face.gif?raw=true,com.eraserphoto.cutout.backgroundeditor,5,50,1974-04-30T10:29:29+05:176,Al Pacino,Marlon Brando,Cut And Paste Photo Editor With Background Eraser
148,Face detection,Photography,Static,Instruction,Text,https://github.com/jasonxsiu/GalleryImages/blob/main/Gif/com.eraserphoto.cutout.backgroundeditor_face.gif?raw=true,com.eraserphoto.cutout.backgroundeditor,5,50,1974-04-30T10:29:29+05:177,Al Pacino,Marlon Brando,Cut And Paste Photo Editor With Background Eraser
149,Face detection,Photography,Static,Camera frame,Visual,https://github.com/jasonxsiu/GalleryImages/blob/main/Gif/com.eraserphoto.cutout.backgroundeditor_face.gif?raw=true,com.eraserphoto.cutout.backgroundeditor,5,50,1974-04-30T10:29:29+05:178,Al Pacino,Marlon Brando,Cut And Paste Photo Editor With Background Eraser
150,Face detection,Photography,Static,Illustration of correct input,Visual,https://github.com/jasonxsiu/GalleryImages/blob/main/Gif/com.eraserphoto.cutout.backgroundeditor_face.gif?raw=true,com.eraserphoto.cutout.backgroundeditor,5,50,1974-04-30T10:29:29+05:179,Al Pacino,Marlon Brando,Cut And Paste Photo Editor With Background Eraser
151,Face detection,Photography,Static,Vibration,Haptic,https://github.com/jasonxsiu/GalleryImages/blob/main/Gif/com.eraserphoto.cutout.backgroundeditor_face.gif?raw=true,com.eraserphoto.cutout.backgroundeditor,5,50,1974-04-30T10:29:29+05:180,Al Pacino,Marlon Brando,Cut And Paste Photo Editor With Background Eraser
152,Face detection,Photography,No Interaction,Importing files,None,https://github.com/jasonxsiu/GalleryImages/blob/main/Gif/com.eraserphoto.cutout.backgroundeditor_face.gif?raw=true,com.eraserphoto.cutout.backgroundeditor,5,50,1974-04-30T10:29:29+05:181,Al Pacino,Marlon Brando,Cut And Paste Photo Editor With Background Eraser
153,Selfie segmentation,Photography,Static,Pop-up messages,Text,https://github.com/jasonxsiu/GalleryImages/blob/main/Gif/com.eraserphoto.cutout.backgroundeditor_face.gif?raw=true,com.eraserphoto.cutout.backgroundeditor,5,50,1974-04-30T10:29:29+05:182,Al Pacino,Marlon Brando,Cut And Paste Photo Editor With Background Eraser
154,Selfie segmentation,Photography,Static,Instruction,Text,https://github.com/jasonxsiu/GalleryImages/blob/main/Gif/com.eraserphoto.cutout.backgroundeditor_face.gif?raw=true,com.eraserphoto.cutout.backgroundeditor,5,50,1974-04-30T10:29:29+05:183,Al Pacino,Marlon Brando,Cut And Paste Photo Editor With Background Eraser
155,Selfie segmentation,Photography,Static,Camera frame,Visual,https://github.com/jasonxsiu/GalleryImages/blob/main/Gif/com.eraserphoto.cutout.backgroundeditor_face.gif?raw=true,com.eraserphoto.cutout.backgroundeditor,5,50,1974-04-30T10:29:29+05:184,Al Pacino,Marlon Brando,Cut And Paste Photo Editor With Background Eraser
156,Selfie segmentation,Photography,Static,Illustration of correct input,Visual,https://github.com/jasonxsiu/GalleryImages/blob/main/Gif/com.eraserphoto.cutout.backgroundeditor_face.gif?raw=true,com.eraserphoto.cutout.backgroundeditor,5,50,1974-04-30T10:29:29+05:185,Al Pacino,Marlon Brando,Cut And Paste Photo Editor With Background Eraser
157,Selfie segmentation,Photography,Static,Vibration,Haptic,https://github.com/jasonxsiu/GalleryImages/blob/main/Gif/com.eraserphoto.cutout.backgroundeditor_face.gif?raw=true,com.eraserphoto.cutout.backgroundeditor,5,50,1974-04-30T10:29:29+05:186,Al Pacino,Marlon Brando,Cut And Paste Photo Editor With Background Eraser
158,Selfie segmentation,Photography,No Interaction,Importing files,None,https://github.com/jasonxsiu/GalleryImages/blob/main/Gif/com.eraserphoto.cutout.backgroundeditor_face.gif?raw=true,com.eraserphoto.cutout.backgroundeditor,5,50,1974-04-30T10:29:29+05:187,Al Pacino,Marlon Brando,Cut And Paste Photo Editor With Background Eraser
159,Face detection,Photography,Dynamic,Auto focusing object,Visual,https://github.com/jasonxsiu/GalleryImages/blob/main/Gif/com.fabbyhair.android.gif?raw=true,com.fabbyhair.android,5,50,1974-04-30T10:29:29+05:188,Al Pacino,Marlon Brando,Fabby Look  -  hair color changer & style effects
160,Face detection,Photography,Dynamic,Photo editor,Visual,https://github.com/jasonxsiu/GalleryImages/blob/main/Gif/com.fabbyhair.android.gif?raw=true,com.fabbyhair.android,5,50,1974-04-30T10:29:29+05:189,Al Pacino,Marlon Brando,Fabby Look  -  hair color changer & style effects
161,Barcode scanning,Shopping,Static,Pop-up messages,Text,https://github.com/jasonxsiu/GalleryImages/blob/main/Gif/com.fingershopping_static.gif?raw=true,com.fingershopping,5,50,1974-04-30T10:29:29+05:190,Al Pacino,Marlon Brando,Finger shopping
162,Barcode scanning,Shopping,Static,Camera frame,Visual,https://github.com/jasonxsiu/GalleryImages/blob/main/Gif/com.fingershopping_static.gif?raw=true,com.fingershopping,5,50,1974-04-30T10:29:29+05:191,Al Pacino,Marlon Brando,Finger shopping
163,Barcode scanning,Shopping,Static,Vibration,Haptic,https://github.com/jasonxsiu/GalleryImages/blob/main/Gif/com.fingershopping_static.gif?raw=true,com.fingershopping,5,50,1974-04-30T10:29:29+05:192,Al Pacino,Marlon Brando,Finger shopping
164,Barcode scanning,Shopping,No Interaction,Importing files,None,https://github.com/jasonxsiu/GalleryImages/blob/main/Gif/com.fingershopping_no_inter.gif?raw=true,com.fingershopping,5,50,1974-04-30T10:29:29+05:193,Al Pacino,Marlon Brando,Finger shopping
165,Image classification,Sports,No Interaction,Importing files,None,https://github.com/jasonxsiu/GalleryImages/blob/main/Gif/com.fishbrain.app.gif?raw=true,com.fishbrain.app,5,50,1974-04-30T10:29:29+05:194,Al Pacino,Marlon Brando,Fishbrain - Fishing App
166,Image classification,Sports,No Interaction,No interaction with hardware input,None,https://github.com/jasonxsiu/GalleryImages/blob/main/Gif/com.fishbrain.app.gif?raw=true,com.fishbrain.app,5,50,1974-04-30T10:29:29+05:195,Al Pacino,Marlon Brando,Fishbrain - Fishing App
167,Image classification,Finance,Dynamic,Auditory feedback (Dynamic),Aural,https://github.com/jasonxsiu/GalleryImages/blob/main/Gif/com.geico.mobile.gif?raw=true,com.geico.mobile,5,50,1974-04-30T10:29:29+05:196,Al Pacino,Marlon Brando,GEICO Mobile - Car Insurance
168,Image classification,Finance,Dynamic,Auto focusing object,Visual,https://github.com/jasonxsiu/GalleryImages/blob/main/Gif/com.geico.mobile.gif?raw=true,com.geico.mobile,5,50,1974-04-30T10:29:29+05:197,Al Pacino,Marlon Brando,GEICO Mobile - Car Insurance
169,Face detection,Finance,No Interaction,No interaction with hardware input,None,https://github.com/jasonxsiu/GalleryImages/blob/main/Gif/com.geico.mobile.gif?raw=true,com.geico.mobile,5,50,1974-04-30T10:29:29+05:198,Al Pacino,Marlon Brando,GEICO Mobile - Car Insurance
170,Image classification,Education,Dynamic,Auto focusing object,Visual,https://github.com/jasonxsiu/GalleryImages/blob/main/Gif/com.google.android.apps.cultural_obj_dy.gif?raw=true,com.google.android.apps.cultural,5,50,1974-04-30T10:29:29+05:199,Al Pacino,Marlon Brando,Google Arts & Culture
171,Image classification,Education,Dynamic,Camera adjustment,Visual,https://github.com/jasonxsiu/GalleryImages/blob/main/Gif/com.google.android.apps.cultural_obj_dy.gif?raw=true,com.google.android.apps.cultural,5,50,1974-04-30T10:29:29+05:200,Al Pacino,Marlon Brando,Google Arts & Culture
172,Image classification,Education,Static,Instruction,Text,https://github.com/jasonxsiu/GalleryImages/blob/main/Gif/com.google.android.apps.cultural_obj_dy.gif?raw=true,com.google.android.apps.cultural,5,50,1974-04-30T10:29:29+05:201,Al Pacino,Marlon Brando,Google Arts & Culture
173,Image classification,Education,No Interaction,Importing files,None,https://github.com/jasonxsiu/GalleryImages/blob/main/Gif/com.google.android.apps.cultural_obj_no_in.gif?raw=true,com.google.android.apps.cultural,5,50,1974-04-30T10:29:29+05:202,Al Pacino,Marlon Brando,Google Arts & Culture
174,Face detection,Education,Static,Pop-up messages,Text,https://github.com/jasonxsiu/GalleryImages/blob/main/Gif/com.google.android.apps.cultural_port_sta.gif?raw=true,com.google.android.apps.cultural,5,50,1974-04-30T10:29:29+05:203,Al Pacino,Marlon Brando,Google Arts & Culture
175,Face detection,Education,Static,Instruction,Text,https://github.com/jasonxsiu/GalleryImages/blob/main/Gif/com.google.android.apps.cultural_port_sta.gif?raw=true,com.google.android.apps.cultural,5,50,1974-04-30T10:29:29+05:204,Al Pacino,Marlon Brando,Google Arts & Culture
176,Face detection,Education,Static,Camera frame,Visual,https://github.com/jasonxsiu/GalleryImages/blob/main/Gif/com.google.android.apps.cultural_port_sta.gif?raw=true,com.google.android.apps.cultural,5,50,1974-04-30T10:29:29+05:205,Al Pacino,Marlon Brando,Google Arts & Culture
177,Face detection,Education,Static,Illustration of correct input,Visual,https://github.com/jasonxsiu/GalleryImages/blob/main/Gif/com.google.android.apps.cultural_port_sta.gif?raw=true,com.google.android.apps.cultural,5,50,1974-04-30T10:29:29+05:206,Al Pacino,Marlon Brando,Google Arts & Culture
178,Style transfer,Education,No Interaction,Importing files,None,https://github.com/jasonxsiu/GalleryImages/blob/main/Gif/com.google.android.apps.cultural_style_no_in.gif?raw=true,com.google.android.apps.cultural,5,50,1974-04-30T10:29:29+05:207,Al Pacino,Marlon Brando,Google Arts & Culture
179,Style transfer,Education,Static,Pop-up messages,Text,https://github.com/jasonxsiu/GalleryImages/blob/main/Gif/com.google.android.apps.cultural_style_sta.gif?raw=true,com.google.android.apps.cultural,5,50,1974-04-30T10:29:29+05:208,Al Pacino,Marlon Brando,Google Arts & Culture
180,Style transfer,Education,Static,Instruction,Text,https://github.com/jasonxsiu/GalleryImages/blob/main/Gif/com.google.android.apps.cultural_style_sta.gif?raw=true,com.google.android.apps.cultural,5,50,1974-04-30T10:29:29+05:209,Al Pacino,Marlon Brando,Google Arts & Culture
181,Image segmentation,Photography,Dynamic,Auto focusing object,Visual,https://github.com/jasonxsiu/GalleryImages/blob/main/Gif/com.google.android.apps.photos.scanner.gif?raw=true,com.google.android.apps.photos.scanner,5,50,1974-04-30T10:29:29+05:210,Al Pacino,Marlon Brando,PhotoScan by Google Photos
182,Image segmentation,Photography,Dynamic,Camera adjustment,Visual,https://github.com/jasonxsiu/GalleryImages/blob/main/Gif/com.google.android.apps.photos.scanner.gif?raw=true,com.google.android.apps.photos.scanner,5,50,1974-04-30T10:29:29+05:211,Al Pacino,Marlon Brando,PhotoScan by Google Photos
183,Object detection and tracking,Photography,Dynamic,Auto focusing object,Visual,https://github.com/jasonxsiu/GalleryImages/blob/main/Gif/com.google.android.apps.photos.scanner.gif?raw=true,com.google.android.apps.photos.scanner,5,50,1974-04-30T10:29:29+05:212,Al Pacino,Marlon Brando,PhotoScan by Google Photos
184,Object detection and tracking,Photography,Dynamic,Camera adjustment,Visual,https://github.com/jasonxsiu/GalleryImages/blob/main/Gif/com.google.android.apps.photos.scanner.gif?raw=true,com.google.android.apps.photos.scanner,5,50,1974-04-30T10:29:29+05:213,Al Pacino,Marlon Brando,PhotoScan by Google Photos
185,Image classification,Photography,No Interaction,No interaction with hardware input,None,https://github.com/jasonxsiu/GalleryImages/blob/main/Gif/com.google.android.apps.photosgo.gif?raw=true,com.google.android.apps.photosgo,5,50,1974-04-30T10:29:29+05:214,Al Pacino,Marlon Brando,Gallery Go
186,Speech recongnition,Tools,Dynamic,Auditory feedback (Dynamic),Aural,https://github.com/jasonxsiu/GalleryImages/blob/main/Gif/com.google.android.apps.translate.gif?raw=true,com.google.android.apps.translate,5,50,1974-04-30T10:29:29+05:215,Al Pacino,Marlon Brando,Google Translate
187,Speech recongnition,Tools,Dynamic,Text suggestion,Text,https://github.com/jasonxsiu/GalleryImages/blob/main/Gif/com.google.android.apps.translate.gif?raw=true,com.google.android.apps.translate,5,50,1974-04-30T10:29:29+05:216,Al Pacino,Marlon Brando,Google Translate
188,Speech recongnition,Tools,Static,Pop-up messages,Text,https://github.com/jasonxsiu/GalleryImages/blob/main/Gif/com.google.android.apps.translate.gif?raw=true,com.google.android.apps.translate,5,50,1974-04-30T10:29:29+05:217,Al Pacino,Marlon Brando,Google Translate
189,Speech recongnition,Tools,Static,Instruction,Text,https://github.com/jasonxsiu/GalleryImages/blob/main/Gif/com.google.android.apps.translate.gif?raw=true,com.google.android.apps.translate,5,50,1974-04-30T10:29:29+05:218,Al Pacino,Marlon Brando,Google Translate
190,Speech recongnition,Tools,Static,Auditory feedback (Static),Aural,https://github.com/jasonxsiu/GalleryImages/blob/main/Gif/com.google.android.apps.translate.gif?raw=true,com.google.android.apps.translate,5,50,1974-04-30T10:29:29+05:219,Al Pacino,Marlon Brando,Google Translate
191,Text recognition,Tools,Dynamic,Auto focusing object,Visual,https://github.com/jasonxsiu/GalleryImages/blob/main/Gif/com.google.android.apps.translate.gif?raw=true,com.google.android.apps.translate,5,50,1974-04-30T10:29:29+05:220,Al Pacino,Marlon Brando,Google Translate
192,Text recognition,Tools,Dynamic,Camera adjustment,Visual,https://github.com/jasonxsiu/GalleryImages/blob/main/Gif/com.google.android.apps.translate.gif?raw=true,com.google.android.apps.translate,5,50,1974-04-30T10:29:29+05:221,Al Pacino,Marlon Brando,Google Translate
193,Text recognition,Tools,Dynamic,Photo editor,Visual,https://github.com/jasonxsiu/GalleryImages/blob/main/Gif/com.google.android.apps.translate.gif?raw=true,com.google.android.apps.translate,5,50,1974-04-30T10:29:29+05:222,Al Pacino,Marlon Brando,Google Translate
194,Text recognition,Tools,No Interaction,Importing files,None,https://github.com/jasonxsiu/GalleryImages/blob/main/Gif/com.google.android.apps.translate.gif?raw=true,com.google.android.apps.translate,5,50,1974-04-30T10:29:29+05:223,Al Pacino,Marlon Brando,Google Translate
195,Text recognition,Tools,Static,Pop-up messages,Text,https://github.com/jasonxsiu/GalleryImages/blob/main/Gif/com.google.android.apps.translate.gif?raw=true,com.google.android.apps.translate,5,50,1974-04-30T10:29:29+05:224,Al Pacino,Marlon Brando,Google Translate
196,Text recognition,Tools,Static,Instruction,Text,https://github.com/jasonxsiu/GalleryImages/blob/main/Gif/com.google.android.apps.translate.gif?raw=true,com.google.android.apps.translate,5,50,1974-04-30T10:29:29+05:225,Al Pacino,Marlon Brando,Google Translate
197,Text recognition,Tools,Static,Camera frame,Visual,https://github.com/jasonxsiu/GalleryImages/blob/main/Gif/com.google.android.apps.translate.gif?raw=true,com.google.android.apps.translate,5,50,1974-04-30T10:29:29+05:226,Al Pacino,Marlon Brando,Google Translate
198,Text recognition,Tools,Static,Illustration of correct input,Visual,https://github.com/jasonxsiu/GalleryImages/blob/main/Gif/com.google.android.apps.translate.gif?raw=true,com.google.android.apps.translate,5,50,1974-04-30T10:29:29+05:227,Al Pacino,Marlon Brando,Google Translate
199,Image classification,Tools,Dynamic,Auditory feedback (Dynamic),Aural,https://github.com/jasonxsiu/GalleryImages/blob/main/Gif/com.google.android.googlequicksearchbox.gif?raw=true,com.google.android.googlequicksearchbox,5,50,1974-04-30T10:29:29+05:228,Al Pacino,Marlon Brando,Google Quick Search
200,Image classification,Tools,Dynamic,Auto focusing object,Visual,https://github.com/jasonxsiu/GalleryImages/blob/main/Gif/com.google.android.googlequicksearchbox.gif?raw=true,com.google.android.googlequicksearchbox,5,50,1974-04-30T10:29:29+05:229,Al Pacino,Marlon Brando,Google Quick Search
201,Image classification,Tools,Dynamic,Camera adjustment,Visual,https://github.com/jasonxsiu/GalleryImages/blob/main/Gif/com.google.android.googlequicksearchbox.gif?raw=true,com.google.android.googlequicksearchbox,5,50,1974-04-30T10:29:29+05:230,Al Pacino,Marlon Brando,Google Quick Search
202,Image classification,Tools,Dynamic,Photo editor,Visual,https://github.com/jasonxsiu/GalleryImages/blob/main/Gif/com.google.android.googlequicksearchbox.gif?raw=true,com.google.android.googlequicksearchbox,5,50,1974-04-30T10:29:29+05:231,Al Pacino,Marlon Brando,Google Quick Search
203,Image classification,Tools,No Interaction,Importing files,None,https://github.com/jasonxsiu/GalleryImages/blob/main/Gif/com.google.android.googlequicksearchbox.gif?raw=true,com.google.android.googlequicksearchbox,5,50,1974-04-30T10:29:29+05:232,Al Pacino,Marlon Brando,Google Quick Search
204,Image classification,Tools,Static,Camera frame,Visual,https://github.com/jasonxsiu/GalleryImages/blob/main/Gif/com.google.android.googlequicksearchbox.gif?raw=true,com.google.android.googlequicksearchbox,5,50,1974-04-30T10:29:29+05:233,Al Pacino,Marlon Brando,Google Quick Search
205,Image classification,Tools,Static,Illustration of correct input,Visual,https://github.com/jasonxsiu/GalleryImages/blob/main/Gif/com.google.android.googlequicksearchbox.gif?raw=true,com.google.android.googlequicksearchbox,5,50,1974-04-30T10:29:29+05:234,Al Pacino,Marlon Brando,Google Quick Search
206,Image classification,Tools,Static,Instruction,Text,https://github.com/jasonxsiu/GalleryImages/blob/main/Gif/com.google.android.googlequicksearchbox.gif?raw=true,com.google.android.googlequicksearchbox,5,50,1974-04-30T10:29:29+05:235,Al Pacino,Marlon Brando,Google Quick Search
207,Image classification,Tools,Static,Pop-up messages,Text,https://github.com/jasonxsiu/GalleryImages/blob/main/Gif/com.google.android.googlequicksearchbox.gif?raw=true,com.google.android.googlequicksearchbox,5,50,1974-04-30T10:29:29+05:236,Al Pacino,Marlon Brando,Google Quick Search
208,Speech recongnition,Tools,Dynamic,Text suggestion,Text,https://github.com/jasonxsiu/GalleryImages/blob/main/Gif/com.google.android.googlequicksearchbox.gif?raw=true,com.google.android.googlequicksearchbox,5,50,1974-04-30T10:29:29+05:237,Al Pacino,Marlon Brando,Google Quick Search
209,Speech recongnition,Tools,Static,Pop-up messages,Text,https://github.com/jasonxsiu/GalleryImages/blob/main/Gif/com.google.android.googlequicksearchbox.gif?raw=true,com.google.android.googlequicksearchbox,5,50,1974-04-30T10:29:29+05:238,Al Pacino,Marlon Brando,Google Quick Search
210,Speech recongnition,Tools,Static,Instruction,Text,https://github.com/jasonxsiu/GalleryImages/blob/main/Gif/com.google.android.googlequicksearchbox.gif?raw=true,com.google.android.googlequicksearchbox,5,50,1974-04-30T10:29:29+05:239,Al Pacino,Marlon Brando,Google Quick Search
211,Speech recongnition,Tools,Static,Illustration of correct input,Visual,https://github.com/jasonxsiu/GalleryImages/blob/main/Gif/com.google.android.googlequicksearchbox.gif?raw=true,com.google.android.googlequicksearchbox,5,50,1974-04-30T10:29:29+05:240,Al Pacino,Marlon Brando,Google Quick Search
212,Audio classification,Communication,Static,Pop-up messages,Text,https://github.com/jasonxsiu/GalleryImages/blob/main/Gif/com.google.audio.hearing.visualization.accessibility.scribe.gif?raw=true,com.google.audio.hearing.visualization.accessibility.scribe,5,50,1974-04-30T10:29:29+05:241,Al Pacino,Marlon Brando, Live Transcribe & Notification 
213,Audio classification,Communication,Static,Instruction,Text,https://github.com/jasonxsiu/GalleryImages/blob/main/Gif/com.google.audio.hearing.visualization.accessibility.scribe.gif?raw=true,com.google.audio.hearing.visualization.accessibility.scribe,5,50,1974-04-30T10:29:29+05:242,Al Pacino,Marlon Brando, Live Transcribe & Notification 
214,Audio classification,Communication,Static,Illustration of correct input,Visual,https://github.com/jasonxsiu/GalleryImages/blob/main/Gif/com.google.audio.hearing.visualization.accessibility.scribe.gif?raw=true,com.google.audio.hearing.visualization.accessibility.scribe,5,50,1974-04-30T10:29:29+05:243,Al Pacino,Marlon Brando, Live Transcribe & Notification 
215,Audio classification,Communication,Static,Vibration,Haptic,https://github.com/jasonxsiu/GalleryImages/blob/main/Gif/com.google.audio.hearing.visualization.accessibility.scribe.gif?raw=true,com.google.audio.hearing.visualization.accessibility.scribe,5,50,1974-04-30T10:29:29+05:244,Al Pacino,Marlon Brando, Live Transcribe & Notification 
216,Audio classification,Communication,Dynamic,Auditory feedback (Dynamic),Aural,https://github.com/jasonxsiu/GalleryImages/blob/main/Gif/com.google.audio.hearing.visualization.accessibility.scribe.gif?raw=true,com.google.audio.hearing.visualization.accessibility.scribe,5,50,1974-04-30T10:29:29+05:245,Al Pacino,Marlon Brando, Live Transcribe & Notification 
217,Text prediction,Productivity,Dynamic,Text suggestion,Text,https://github.com/jasonxsiu/GalleryImages/blob/main/Gif/com.grammarly.android.keyboard.gif?raw=true,com.grammarly.android.keyboard,5,50,1974-04-30T10:29:29+05:246,Al Pacino,Marlon Brando,Grammarly - Grammar Keyboard
218,Image classification,Libraries and Demo,Static,Pop-up messages,Text,https://github.com/jasonxsiu/GalleryImages/blob/main/Gif/com.homesecurity.firstone.gif?raw=true,com.homesecurity.firstone,5,50,1974-04-30T10:29:29+05:247,Al Pacino,Marlon Brando,Image Recognition Tensorflow Object Detection A.I. 
219,Image classification,Libraries and Demo,Static,Vibration,Haptic,https://github.com/jasonxsiu/GalleryImages/blob/main/Gif/com.homesecurity.firstone.gif?raw=true,com.homesecurity.firstone,5,50,1974-04-30T10:29:29+05:248,Al Pacino,Marlon Brando,Image Recognition Tensorflow Object Detection A.I. 
220,Barcode scanning,Entertainment,Static,Pop-up messages,Text,https://github.com/jasonxsiu/GalleryImages/blob/main/Gif/com.huya.nimo.gif?raw=true,com.huya.nimo,5,50,1974-04-30T10:29:29+05:249,Al Pacino,Marlon Brando,Nimo TV - Live Game Streaming
221,Barcode scanning,Entertainment,Static,Instruction,Text,https://github.com/jasonxsiu/GalleryImages/blob/main/Gif/com.huya.nimo.gif?raw=true,com.huya.nimo,5,50,1974-04-30T10:29:29+05:250,Al Pacino,Marlon Brando,Nimo TV - Live Game Streaming
222,Barcode scanning,Entertainment,Static,Camera frame,Visual,https://github.com/jasonxsiu/GalleryImages/blob/main/Gif/com.huya.nimo.gif?raw=true,com.huya.nimo,5,50,1974-04-30T10:29:29+05:251,Al Pacino,Marlon Brando,Nimo TV - Live Game Streaming
223,Barcode scanning,Entertainment,Static,Illustration of correct input,Visual,https://github.com/jasonxsiu/GalleryImages/blob/main/Gif/com.huya.nimo.gif?raw=true,com.huya.nimo,5,50,1974-04-30T10:29:29+05:252,Al Pacino,Marlon Brando,Nimo TV - Live Game Streaming
224,Face detection,Photography,Static,Camera frame,Visual,https://github.com/jasonxsiu/GalleryImages/blob/main/Gif/com.iart.camera.photo.gif?raw=true,com.iart.camera.photo,5,50,1974-04-30T10:29:29+05:253,Al Pacino,Marlon Brando,"iArt Camera  -  Magic Effect, Face Aging Booth"
225,Face detection,Photography,Static,Vibration,Haptic,https://github.com/jasonxsiu/GalleryImages/blob/main/Gif/com.iart.camera.photo.gif?raw=true,com.iart.camera.photo,5,50,1974-04-30T10:29:29+05:254,Al Pacino,Marlon Brando,"iArt Camera  -  Magic Effect, Face Aging Booth"
226,Image classification,Productivity,No Interaction,Importing files,None,https://github.com/jasonxsiu/GalleryImages/blob/main/Gif/com.icomedias.hybridforms.gif?raw=true,com.icomedias.hybridforms,5,50,1974-04-30T10:29:29+05:255,Al Pacino,Marlon Brando,HybridForms
227,Image classification,Productivity,No Interaction,No interaction with hardware input,None,https://github.com/jasonxsiu/GalleryImages/blob/main/Gif/com.icomedias.hybridforms.gif?raw=true,com.icomedias.hybridforms,5,50,1974-04-30T10:29:29+05:256,Al Pacino,Marlon Brando,HybridForms
228,Text recognition,Productivity,No Interaction,Importing files,None,https://github.com/jasonxsiu/GalleryImages/blob/main/Gif/com.icomedias.hybridforms.gif?raw=true,com.icomedias.hybridforms,5,50,1974-04-30T10:29:29+05:257,Al Pacino,Marlon Brando,HybridForms
229,Text recognition,Productivity,No Interaction,No interaction with hardware input,None,https://github.com/jasonxsiu/GalleryImages/blob/main/Gif/com.icomedias.hybridforms.gif?raw=true,com.icomedias.hybridforms,5,50,1974-04-30T10:29:29+05:258,Al Pacino,Marlon Brando,HybridForms
230,Face detection,Entertainment,Dynamic,Camera adjustment,Visual,https://github.com/jasonxsiu/GalleryImages/blob/main/Gif/com.kwai.video_sty_dy.gif?raw=true,com.kwai.video,5,50,1974-04-30T10:29:29+05:259,Al Pacino,Marlon Brando,Kwai - Watch cool&funny videos
231,Face detection,Entertainment,Dynamic,Photo editor,Visual,https://github.com/jasonxsiu/GalleryImages/blob/main/Gif/com.kwai.video_sty_dy.gif?raw=true,com.kwai.video,5,50,1974-04-30T10:29:29+05:260,Al Pacino,Marlon Brando,Kwai - Watch cool&funny videos
232,Selfie segmentation,Entertainment,Dynamic,Camera adjustment,Visual,https://github.com/jasonxsiu/GalleryImages/blob/main/Gif/com.kwai.video_sty_dy.gif?raw=true,com.kwai.video,5,50,1974-04-30T10:29:29+05:261,Al Pacino,Marlon Brando,Kwai - Watch cool&funny videos
233,Selfie segmentation,Entertainment,Dynamic,Photo editor,Visual,https://github.com/jasonxsiu/GalleryImages/blob/main/Gif/com.kwai.video_sty_dy.gif?raw=true,com.kwai.video,5,50,1974-04-30T10:29:29+05:262,Al Pacino,Marlon Brando,Kwai - Watch cool&funny videos
234,Face detection,Photography,Dynamic,Auto focusing object,Visual,https://github.com/jasonxsiu/GalleryImages/blob/main/Gif/com.magicvcam.super.selfiecam.camera.gif?raw=true,com.magicvcam.super.selfiecam.camera,5,50,1974-04-30T10:29:29+05:263,Al Pacino,Marlon Brando,Super Selfie Camera
235,Face detection,Photography,Static,Pop-up messages,Text,https://github.com/jasonxsiu/GalleryImages/blob/main/Gif/com.meitu.beautyplusme.gif?raw=true,com.meitu.beautyplusme,5,50,1974-04-30T10:29:29+05:264,Al Pacino,Marlon Brando,BeautyPlus Me - Easy Photo Editor & Selfie Camera
236,Face detection,Photography,Static,Instruction,Text,https://github.com/jasonxsiu/GalleryImages/blob/main/Gif/com.meitu.beautyplusme.gif?raw=true,com.meitu.beautyplusme,5,50,1974-04-30T10:29:29+05:265,Al Pacino,Marlon Brando,BeautyPlus Me - Easy Photo Editor & Selfie Camera
237,Face detection,Photography,Static,Illustration of correct input,Visual,https://github.com/jasonxsiu/GalleryImages/blob/main/Gif/com.meitu.beautyplusme.gif?raw=true,com.meitu.beautyplusme,5,50,1974-04-30T10:29:29+05:266,Al Pacino,Marlon Brando,BeautyPlus Me - Easy Photo Editor & Selfie Camera
238,Face detection,Photography,Dynamic,Camera adjustment,Visual,https://github.com/jasonxsiu/GalleryImages/blob/main/Gif/com.meitu.beautyplusme.gif?raw=true,com.meitu.beautyplusme,5,50,1974-04-30T10:29:29+05:267,Al Pacino,Marlon Brando,BeautyPlus Me - Easy Photo Editor & Selfie Camera
239,Face detection,Photography,Dynamic,Photo editor,Visual,https://github.com/jasonxsiu/GalleryImages/blob/main/Gif/com.meitu.beautyplusme.gif?raw=true,com.meitu.beautyplusme,5,50,1974-04-30T10:29:29+05:268,Al Pacino,Marlon Brando,BeautyPlus Me - Easy Photo Editor & Selfie Camera
240,Face detection,Photography,Dynamic,Auto focusing object,Visual,https://github.com/jasonxsiu/GalleryImages/blob/main/Gif/com.meitu.beautyplusme.gif?raw=true,com.meitu.beautyplusme,5,50,1974-04-30T10:29:29+05:269,Al Pacino,Marlon Brando,BeautyPlus Me - Easy Photo Editor & Selfie Camera
241,Face detection,Lifestyle,Static,Pop-up messages,Text,https://github.com/jasonxsiu/GalleryImages/blob/main/Gif/com.modiface.loreal.stylemyhair.gif?raw=true,com.modiface.loreal.stylemyhair,5,50,1974-04-30T10:29:29+05:270,Al Pacino,Marlon Brando,Style My Hair: Discover Your Next Look
242,Face detection,Lifestyle,Static,Instruction,Text,https://github.com/jasonxsiu/GalleryImages/blob/main/Gif/com.modiface.loreal.stylemyhair.gif?raw=true,com.modiface.loreal.stylemyhair,5,50,1974-04-30T10:29:29+05:271,Al Pacino,Marlon Brando,Style My Hair: Discover Your Next Look
243,Face detection,Lifestyle,Static,Camera frame,Visual,https://github.com/jasonxsiu/GalleryImages/blob/main/Gif/com.modiface.loreal.stylemyhair.gif?raw=true,com.modiface.loreal.stylemyhair,5,50,1974-04-30T10:29:29+05:272,Al Pacino,Marlon Brando,Style My Hair: Discover Your Next Look
244,Face detection,Lifestyle,Dynamic,Photo editor,Visual,https://github.com/jasonxsiu/GalleryImages/blob/main/Gif/com.modiface.loreal.stylemyhair.gif?raw=true,com.modiface.loreal.stylemyhair,5,50,1974-04-30T10:29:29+05:273,Al Pacino,Marlon Brando,Style My Hair: Discover Your Next Look
245,Image classification,Shopping,Static,Pop-up messages,Text,https://github.com/jasonxsiu/GalleryImages/blob/main/Gif/com.redbaby_OD.gif?raw=true,com.redbaby,5,50,1974-04-30T10:29:29+05:274,Al Pacino,Marlon Brando,Redbaby
246,Image classification,Shopping,Static,Instruction,Text,https://github.com/jasonxsiu/GalleryImages/blob/main/Gif/com.redbaby_OD.gif?raw=true,com.redbaby,5,50,1974-04-30T10:29:29+05:275,Al Pacino,Marlon Brando,Redbaby
247,Image classification,Shopping,Static,Vibration,Haptic,https://github.com/jasonxsiu/GalleryImages/blob/main/Gif/com.redbaby_OD.gif?raw=true,com.redbaby,5,50,1974-04-30T10:29:29+05:276,Al Pacino,Marlon Brando,Redbaby
248,Image classification,Shopping,Static,Camera frame,Visual,https://github.com/jasonxsiu/GalleryImages/blob/main/Gif/com.redbaby_OD.gif?raw=true,com.redbaby,5,50,1974-04-30T10:29:29+05:277,Al Pacino,Marlon Brando,Redbaby
249,Barcode scanning,Shopping,Static,Pop-up messages,Text,https://github.com/jasonxsiu/GalleryImages/blob/main/Gif/com.redbaby.gif?raw=true,com.redbaby,5,50,1974-04-30T10:29:29+05:278,Al Pacino,Marlon Brando,Redbaby
250,Barcode scanning,Shopping,Static,Instruction,Text,https://github.com/jasonxsiu/GalleryImages/blob/main/Gif/com.redbaby.gif?raw=true,com.redbaby,5,50,1974-04-30T10:29:29+05:279,Al Pacino,Marlon Brando,Redbaby
251,Barcode scanning,Shopping,Static,Camera frame,Visual,https://github.com/jasonxsiu/GalleryImages/blob/main/Gif/com.redbaby.gif?raw=true,com.redbaby,5,50,1974-04-30T10:29:29+05:280,Al Pacino,Marlon Brando,Redbaby
252,Barcode scanning,Shopping,Static,Flashlight,Visual,https://github.com/jasonxsiu/GalleryImages/blob/main/Gif/com.redbaby.gif?raw=true,com.redbaby,5,50,1974-04-30T10:29:29+05:281,Al Pacino,Marlon Brando,Redbaby
253,Barcode scanning,Shopping,Static,Vibration,Haptic,https://github.com/jasonxsiu/GalleryImages/blob/main/Gif/com.redbaby.gif?raw=true,com.redbaby,5,50,1974-04-30T10:29:29+05:282,Al Pacino,Marlon Brando,Redbaby
254,Image classification,Shopping,Static,Illustration of correct input,Visual,https://github.com/jasonxsiu/GalleryImages/blob/main/Gif/com.redbaby_OD.gif?raw=true,com.redbaby,5,50,1974-04-30T10:29:29+05:283,Al Pacino,Marlon Brando,Redbaby
255,Image classification,Entertainment,Static,Pop-up messages,Text,https://github.com/jasonxsiu/GalleryImages/blob/main/Gif/com.seefoodtechnologies.nothotdog.gif?raw=true,com.seefoodtechnologies.nothotdog,5,50,1974-04-30T10:29:29+05:284,Al Pacino,Marlon Brando,Not Hotdog
256,Image classification,Entertainment,Static,Vibration,Haptic,https://github.com/jasonxsiu/GalleryImages/blob/main/Gif/com.seefoodtechnologies.nothotdog.gif?raw=true,com.seefoodtechnologies.nothotdog,5,50,1974-04-30T10:29:29+05:285,Al Pacino,Marlon Brando,Not Hotdog
257,Face detection,Medical,Static,Camera frame,Visual,https://github.com/jasonxsiu/GalleryImages/blob/main/Gif/Glasson.gif?raw=true,com.sixoversix.copyglass,5,50,1974-04-30T10:29:29+05:344,Al Pacino,Marlon Brando,GlassesOn | Pupils & Lenses
258,Face detection,Medical,Static,Instruction,Text,https://github.com/jasonxsiu/GalleryImages/blob/main/Gif/Glasson.gif?raw=true,com.sixoversix.copyglass,5,50,1974-04-30T10:29:29+05:344,Al Pacino,Marlon Brando,GlassesOn | Pupils & Lenses
259,Face detection,Medical,Static,Illustration of correct input,Visual,https://github.com/jasonxsiu/GalleryImages/blob/main/Gif/Glasson.gif?raw=true,com.sixoversix.copyglass,5,50,1974-04-30T10:29:29+05:344,Al Pacino,Marlon Brando,GlassesOn | Pupils & Lenses
260,Face detection,Medical,Static,Vibration,Haptic,https://github.com/jasonxsiu/GalleryImages/blob/main/Gif/Glasson.gif?raw=true,com.sixoversix.copyglass,5,50,1974-04-30T10:29:29+05:344,Al Pacino,Marlon Brando,GlassesOn | Pupils & Lenses
261,Face detection,Medical,Static,Auditory feedback,Audio,https://github.com/jasonxsiu/GalleryImages/blob/main/Gif/Glasson.gif?raw=true,com.sixoversix.copyglass,5,50,1974-04-30T10:29:29+05:344,Al Pacino,Marlon Brando,GlassesOn | Pupils & Lenses
262,Face detection,Medical,Dynamic,Camera adjustment,Visual,https://github.com/jasonxsiu/GalleryImages/blob/main/Gif/Glasson.gif?raw=true,com.sixoversix.copyglass,5,50,1974-04-30T10:29:29+05:345,Al Pacino,Marlon Brando,GlassesOn | Pupils & Lenses
263,Face detection,Medical,Dynamic,Auto focusing object,Visual,https://github.com/jasonxsiu/GalleryImages/blob/main/Gif/Glasson.gif?raw=true,com.sixoversix.copyglass,5,50,1974-04-30T10:29:29+05:346,Al Pacino,Marlon Brando,GlassesOn | Pupils & Lenses
264,Image classification,Medical,Static,Pop-up messages,Text,https://github.com/jasonxsiu/GalleryImages/blob/main/Gif/Glasson.gif?raw=true,com.sixoversix.copyglass,5,50,1974-04-30T10:29:29+05:347,Al Pacino,Marlon Brando,GlassesOn | Pupils & Lenses
265,Image classification,Medical,Static,Instruction,Text,https://github.com/jasonxsiu/GalleryImages/blob/main/Gif/Glasson.gif?raw=true,com.sixoversix.copyglass,5,50,1974-04-30T10:29:29+05:348,Al Pacino,Marlon Brando,GlassesOn | Pupils & Lenses
266,Image classification,Medical,Static,Illustration of correct input,Visual,https://github.com/jasonxsiu/GalleryImages/blob/main/Gif/Glasson.gif?raw=true,com.sixoversix.copyglass,5,50,1974-04-30T10:29:29+05:349,Al Pacino,Marlon Brando,GlassesOn | Pupils & Lenses
267,Image classification,Medical,Static,Vibration,Haptic,https://github.com/jasonxsiu/GalleryImages/blob/main/Gif/Glasson.gif?raw=true,com.sixoversix.copyglass,5,50,1974-04-30T10:29:29+05:350,Al Pacino,Marlon Brando,GlassesOn | Pupils & Lenses
268,Image classification,Medical,Static,Auditory feedback,Audio,https://github.com/jasonxsiu/GalleryImages/blob/main/Gif/Glasson.gif?raw=true,com.sixoversix.copyglass,5,50,1974-04-30T10:29:29+05:351,Al Pacino,Marlon Brando,GlassesOn | Pupils & Lenses
269,Image classification,Medical,Dynamic,Camera adjustment,Visual,https://github.com/jasonxsiu/GalleryImages/blob/main/Gif/Glasson.gif?raw=true,com.sixoversix.copyglass,5,50,1974-04-30T10:29:29+05:352,Al Pacino,Marlon Brando,GlassesOn | Pupils & Lenses
270,Image classification,Medical,Dynamic,Auto focusing object,Visual,https://github.com/jasonxsiu/GalleryImages/blob/main/Gif/Glasson.gif?raw=true,com.sixoversix.copyglass,5,50,1974-04-30T10:29:29+05:353,Al Pacino,Marlon Brando,GlassesOn | Pupils & Lenses
271,Barcode scanning,Finance,Static,Pop-up messages,Text,https://github.com/jasonxsiu/GalleryImages/blob/main/Gif/com.uccb.mobile_QR.gif?raw=true,com.uccb.mobile,5,50,1974-04-30T10:29:29+05:286,Al Pacino,Marlon Brando,Bank of Urumqi 
272,Barcode scanning,Finance,Static,Camera frame,Visual,https://github.com/jasonxsiu/GalleryImages/blob/main/Gif/com.uccb.mobile_QR.gif?raw=true,com.uccb.mobile,5,50,1974-04-30T10:29:29+05:287,Al Pacino,Marlon Brando,Bank of Urumqi 
273,Entity extraction,Finance,Static,Instruction,Text,https://github.com/jasonxsiu/GalleryImages/blob/main/Gif/com.uccb.mobile.gif?raw=true,com.uccb.mobile,5,50,1974-04-30T10:29:29+05:288,Al Pacino,Marlon Brando,Bank of Urumqi 
274,Entity extraction,Finance,Static,Camera frame,Visual,https://github.com/jasonxsiu/GalleryImages/blob/main/Gif/com.uccb.mobile.gif?raw=true,com.uccb.mobile,5,50,1974-04-30T10:29:29+05:289,Al Pacino,Marlon Brando,Bank of Urumqi 
275,Entity extraction,Finance,Static,Vibration,Haptic,https://github.com/jasonxsiu/GalleryImages/blob/main/Gif/com.uccb.mobile.gif?raw=true,com.uccb.mobile,5,50,1974-04-30T10:29:29+05:290,Al Pacino,Marlon Brando,Bank of Urumqi 
276,Entity extraction,Finance,Dynamic,Camera adjustment,Visual,https://github.com/jasonxsiu/GalleryImages/blob/main/Gif/com.uccb.mobile.gif?raw=true,com.uccb.mobile,5,50,1974-04-30T10:29:29+05:291,Al Pacino,Marlon Brando,Bank of Urumqi 
277,Entity extraction,Finance,Dynamic,Object marker,Visual,https://github.com/jasonxsiu/GalleryImages/blob/main/Gif/com.uccb.mobile.gif?raw=true,com.uccb.mobile,5,50,1974-04-30T10:29:29+05:292,Al Pacino,Marlon Brando,Bank of Urumqi 
278,Face detection,Finance,Static,Instruction,Text,https://github.com/jasonxsiu/GalleryImages/blob/main/Gif/com.uccb.mobile.gif?raw=true,com.uccb.mobile,5,50,1974-04-30T10:29:29+05:293,Al Pacino,Marlon Brando,Bank of Urumqi 
279,Face detection,Finance,Static,Camera frame,Visual,https://github.com/jasonxsiu/GalleryImages/blob/main/Gif/com.uccb.mobile.gif?raw=true,com.uccb.mobile,5,50,1974-04-30T10:29:29+05:294,Al Pacino,Marlon Brando,Bank of Urumqi 
280,Face detection,Finance,Static,Vibration,Haptic,https://github.com/jasonxsiu/GalleryImages/blob/main/Gif/com.uccb.mobile.gif?raw=true,com.uccb.mobile,5,50,1974-04-30T10:29:29+05:295,Al Pacino,Marlon Brando,Bank of Urumqi 
281,Face detection,Finance,Dynamic,Camera adjustment,Visual,https://github.com/jasonxsiu/GalleryImages/blob/main/Gif/com.uccb.mobile.gif?raw=true,com.uccb.mobile,5,50,1974-04-30T10:29:29+05:296,Al Pacino,Marlon Brando,Bank of Urumqi 
282,Face detection,Finance,Dynamic,Object marker,Visual,https://github.com/jasonxsiu/GalleryImages/blob/main/Gif/com.uccb.mobile.gif?raw=true,com.uccb.mobile,5,50,1974-04-30T10:29:29+05:297,Al Pacino,Marlon Brando,Bank of Urumqi 
283,Audio classification,Lifestyle,No Interaction,No interaction with hardware input,None,https://github.com/jasonxsiu/GalleryImages/blob/main/Gif/com.urbandroid.sleep.gif?raw=true,com.urbandroid.sleep,5,50,1974-04-30T10:29:29+05:298,Al Pacino,Marlon Brando,Sleep as Android: Sleep cycle alarm
284,Audio classification,Lifestyle,Static,Pop-up messages,Text,https://github.com/jasonxsiu/GalleryImages/blob/main/Gif/com.urbandroid.sleep.gif?raw=true,com.urbandroid.sleep,5,50,1974-04-30T10:29:29+05:299,Al Pacino,Marlon Brando,Sleep as Android: Sleep cycle alarm
285,Audio classification,Lifestyle,Static,Instruction,Text,https://github.com/jasonxsiu/GalleryImages/blob/main/Gif/com.urbandroid.sleep.gif?raw=true,com.urbandroid.sleep,5,50,1974-04-30T10:29:29+05:300,Al Pacino,Marlon Brando,Sleep as Android: Sleep cycle alarm
286,Audio classification,Lifestyle,Dynamic,Auditory feedback (Dynamic),Aural,https://github.com/jasonxsiu/GalleryImages/blob/main/Gif/com.urbandroid.sleep.gif?raw=true,com.urbandroid.sleep,5,50,1974-04-30T10:29:29+05:301,Al Pacino,Marlon Brando,Sleep as Android: Sleep cycle alarm
287,Face detection,Business,Static,Pop-up messages,Text,https://github.com/jasonxsiu/GalleryImages/blob/main/Gif/com.verisec.mobile.frejaeid.gif?raw=true,com.verisec.mobile.frejaeid,5,50,1974-04-30T10:29:29+05:302,Al Pacino,Marlon Brando,Freja eID - My ID in an app
288,Face detection,Business,Static,Instruction,Text,https://github.com/jasonxsiu/GalleryImages/blob/main/Gif/com.verisec.mobile.frejaeid.gif?raw=true,com.verisec.mobile.frejaeid,5,50,1974-04-30T10:29:29+05:303,Al Pacino,Marlon Brando,Freja eID - My ID in an app
289,Face detection,Business,Static,Camera frame,Visual,https://github.com/jasonxsiu/GalleryImages/blob/main/Gif/com.verisec.mobile.frejaeid.gif?raw=true,com.verisec.mobile.frejaeid,5,50,1974-04-30T10:29:29+05:304,Al Pacino,Marlon Brando,Freja eID - My ID in an app
290,Face detection,Business,Static,Illustration of correct input,Visual,https://github.com/jasonxsiu/GalleryImages/blob/main/Gif/com.verisec.mobile.frejaeid.gif?raw=true,com.verisec.mobile.frejaeid,5,50,1974-04-30T10:29:29+05:305,Al Pacino,Marlon Brando,Freja eID - My ID in an app
291,Face detection,Business,Dynamic,Camera adjustment,Visual,https://github.com/jasonxsiu/GalleryImages/blob/main/Gif/com.verisec.mobile.frejaeid.gif?raw=true,com.verisec.mobile.frejaeid,5,50,1974-04-30T10:29:29+05:306,Al Pacino,Marlon Brando,Freja eID - My ID in an app
292,Face detection,Business,Dynamic,Auto focusing object,Visual,https://github.com/jasonxsiu/GalleryImages/blob/main/Gif/com.verisec.mobile.frejaeid.gif?raw=true,com.verisec.mobile.frejaeid,5,50,1974-04-30T10:29:29+05:307,Al Pacino,Marlon Brando,Freja eID - My ID in an app
293,Face detection,Business,Dynamic,Object marker,Visual,https://github.com/jasonxsiu/GalleryImages/blob/main/Gif/com.verisec.mobile.frejaeid.gif?raw=true,com.verisec.mobile.frejaeid,5,50,1974-04-30T10:29:29+05:308,Al Pacino,Marlon Brando,Freja eID - My ID in an app
294,Face detection,Productivity,Static,Pop-up messages,Text,https://github.com/jasonxsiu/GalleryImages/blob/main/Gif/com.verisec.mobile.frejaeid.gif?raw=true,com.verisec.mobile.frejaeid,5,50,1974-04-30T10:29:29+05:309,Al Pacino,Marlon Brando,Freja eID - My ID in an app
295,Face detection,Productivity,Static,Instruction,Text,https://github.com/jasonxsiu/GalleryImages/blob/main/Gif/com.verisec.mobile.frejaeid.gif?raw=true,com.verisec.mobile.frejaeid,5,50,1974-04-30T10:29:29+05:310,Al Pacino,Marlon Brando,Freja eID - My ID in an app
296,Face detection,Productivity,Static,Camera frame,Visual,https://github.com/jasonxsiu/GalleryImages/blob/main/Gif/com.verisec.mobile.frejaeid.gif?raw=true,com.verisec.mobile.frejaeid,5,50,1974-04-30T10:29:29+05:311,Al Pacino,Marlon Brando,Freja eID - My ID in an app
297,Face detection,Productivity,Static,Illustration of correct input,Visual,https://github.com/jasonxsiu/GalleryImages/blob/main/Gif/com.verisec.mobile.frejaeid.gif?raw=true,com.verisec.mobile.frejaeid,5,50,1974-04-30T10:29:29+05:312,Al Pacino,Marlon Brando,Freja eID - My ID in an app
298,Face detection,Productivity,Dynamic,Camera adjustment,Visual,https://github.com/jasonxsiu/GalleryImages/blob/main/Gif/com.verisec.mobile.frejaeid.gif?raw=true,com.verisec.mobile.frejaeid,5,50,1974-04-30T10:29:29+05:313,Al Pacino,Marlon Brando,Freja eID - My ID in an app
299,Face detection,Productivity,Dynamic,Auto focusing object,Visual,https://github.com/jasonxsiu/GalleryImages/blob/main/Gif/com.verisec.mobile.frejaeid.gif?raw=true,com.verisec.mobile.frejaeid,5,50,1974-04-30T10:29:29+05:314,Al Pacino,Marlon Brando,Freja eID - My ID in an app
300,Face detection,Productivity,Dynamic,Object marker,Visual,https://github.com/jasonxsiu/GalleryImages/blob/main/Gif/com.verisec.mobile.frejaeid.gif?raw=true,com.verisec.mobile.frejaeid,5,50,1974-04-30T10:29:29+05:315,Al Pacino,Marlon Brando,Freja eID - My ID in an app
301,Selfie segmentation,Photography,Dynamic,Photo editor,Visual,https://github.com/jasonxsiu/GalleryImages/blob/main/Gif/com.vyroai.AiBlurEditor.gif?raw=true,com.vyroai.AiBlurEditor,5,50,1974-04-30T10:29:29+05:316,Al Pacino,Marlon Brando,Blur Photo Editor -Blur image background like DSLR
302,Selfie segmentation,Photography,No Interaction,Importing files,None,https://github.com/jasonxsiu/GalleryImages/blob/main/Gif/com.vyroai.AiBlurEditor_no_in.gif?raw=true,com.vyroai.AiBlurEditor,5,50,1974-04-30T10:29:29+05:317,Al Pacino,Marlon Brando,Blur Photo Editor -Blur image background like DSLR
303,Entity extraction,Finance,Static,Instruction,Text,https://github.com/jasonxsiu/GalleryImages/blob/main/Gif/com.yitong.hrb.people.android.gif?raw=true,com.yitong.hrb.people.android,5,50,1974-04-30T10:29:29+05:318,Al Pacino,Marlon Brando,Bank of hrb
304,Entity extraction,Finance,Static,Camera frame,Visual,https://github.com/jasonxsiu/GalleryImages/blob/main/Gif/com.yitong.hrb.people.android.gif?raw=true,com.yitong.hrb.people.android,5,50,1974-04-30T10:29:29+05:319,Al Pacino,Marlon Brando,Bank of hrb
305,Entity extraction,Finance,Dynamic,Object marker,Visual,https://github.com/jasonxsiu/GalleryImages/blob/main/Gif/com.yitong.hrb.people.android.gif?raw=true,com.yitong.hrb.people.android,5,50,1974-04-30T10:29:29+05:320,Al Pacino,Marlon Brando,Bank of hrb
306,Text recognition,Finance,Static,Instruction,Text,https://github.com/jasonxsiu/GalleryImages/blob/main/Gif/com.yitong.hrb.people.android.gif?raw=true,com.yitong.hrb.people.android,5,50,1974-04-30T10:29:29+05:321,Al Pacino,Marlon Brando,Bank of hrb
307,Text recognition,Finance,Static,Camera frame,Visual,https://github.com/jasonxsiu/GalleryImages/blob/main/Gif/com.yitong.hrb.people.android.gif?raw=true,com.yitong.hrb.people.android,5,50,1974-04-30T10:29:29+05:322,Al Pacino,Marlon Brando,Bank of hrb
308,Text recognition,Finance,Dynamic,Object marker,Visual,https://github.com/jasonxsiu/GalleryImages/blob/main/Gif/com.yitong.hrb.people.android.gif?raw=true,com.yitong.hrb.people.android,5,50,1974-04-30T10:29:29+05:323,Al Pacino,Marlon Brando,Bank of hrb
309,Selfie segmentation,Photography,No Interaction,Importing files,None,https://github.com/jasonxsiu/GalleryImages/blob/main/Gif/cutcut.cut.out.paste.background.remove.photo.cutout.gif?raw=true,cutcut.cut.out.paste.background.remove.photo.cutout,5,50,1974-04-30T10:29:29+05:324,Al Pacino,Marlon Brando,Insta Cut Out  -  background changer & cutout photo
310,Selfie segmentation,Photography,Dynamic,Photo editor,Visual,https://github.com/jasonxsiu/GalleryImages/blob/main/Gif/cutcut.cut.out.paste.background.remove.photo.cutout.gif?raw=true,cutcut.cut.out.paste.background.remove.photo.cutout,5,50,1974-04-30T10:29:29+05:325,Al Pacino,Marlon Brando,Insta Cut Out  -  background changer & cutout photo
311,Selfie segmentation,Photography,Static,Instruction,Text,https://github.com/jasonxsiu/GalleryImages/blob/main/Gif/cutcut.cut.out.paste.background.remove.photo.cutout.gif?raw=true,cutcut.cut.out.paste.background.remove.photo.cutout,5,50,1974-04-30T10:29:29+05:326,Al Pacino,Marlon Brando,Insta Cut Out  -  background changer & cutout photo
312,Selfie segmentation,Photography,Static,Illustration of correct input,Visual,https://github.com/jasonxsiu/GalleryImages/blob/main/Gif/cutcut.cut.out.paste.background.remove.photo.cutout.gif?raw=true,cutcut.cut.out.paste.background.remove.photo.cutout,5,50,1974-04-30T10:29:29+05:327,Al Pacino,Marlon Brando,Insta Cut Out  -  background changer & cutout photo
313,Face detection,Entertainment,Static,Pop-up messages,Text,https://github.com/jasonxsiu/GalleryImages/blob/main/Gif/facetechstudio.future.me.gif?raw=true,facetechstudio.future.me,5,50,1974-04-30T10:29:29+05:328,Al Pacino,Marlon Brando,"Future Me: Face Aging App, Ethnicity Analyzer"
314,Face detection,Entertainment,Static,Camera frame,Visual,https://github.com/jasonxsiu/GalleryImages/blob/main/Gif/facetechstudio.future.me.gif?raw=true,facetechstudio.future.me,5,50,1974-04-30T10:29:29+05:329,Al Pacino,Marlon Brando,"Future Me: Face Aging App, Ethnicity Analyzer"
315,Object detection and tracking,Libraries and Demo,Static,Pop-up messages,Text,https://github.com/jasonxsiu/GalleryImages/blob/main/Gif/tflite.gif?raw=true,https://github.com/tensorflow/examples/tree/master/lite/examples/object_detection/android,5,50,1974-04-30T10:29:29+05:330,Al Pacino,Marlon Brando,TF object_detection
316,Object detection and tracking,Libraries and Demo,Dynamic,Camera adjustment,Visual,https://github.com/jasonxsiu/GalleryImages/blob/main/Gif/tflite.gif?raw=true,https://github.com/tensorflow/examples/tree/master/lite/examples/object_detection/android,5,50,1974-04-30T10:29:29+05:331,Al Pacino,Marlon Brando,TF object_detection
317,Image classification,Tools,Static,Instruction,Text,https://github.com/jasonxsiu/GalleryImages/blob/main/Gif/io.anyline.examples.store_cattle_dy.gif?raw=true,io.anyline.examples.store,5,50,1974-04-30T10:29:29+05:332,Al Pacino,Marlon Brando,Anyline Scanner
318,Image classification,Tools,Static,Camera frame,Visual,https://github.com/jasonxsiu/GalleryImages/blob/main/Gif/io.anyline.examples.store_cattle_dy.gif?raw=true,io.anyline.examples.store,5,50,1974-04-30T10:29:29+05:333,Al Pacino,Marlon Brando,Anyline Scanner
319,Image classification,Tools,Static,Flashlight,Visual,https://github.com/jasonxsiu/GalleryImages/blob/main/Gif/io.anyline.examples.store_cattle_dy.gif?raw=true,io.anyline.examples.store,5,50,1974-04-30T10:29:29+05:334,Al Pacino,Marlon Brando,Anyline Scanner
320,Image classification,Tools,Static,Vibration,Haptic,https://github.com/jasonxsiu/GalleryImages/blob/main/Gif/io.anyline.examples.store_cattle_dy.gif?raw=true,io.anyline.examples.store,5,50,1974-04-30T10:29:29+05:335,Al Pacino,Marlon Brando,Anyline Scanner
321,Image classification,Tools,Dynamic,Auto focusing object,Visual,https://github.com/jasonxsiu/GalleryImages/blob/main/Gif/io.anyline.examples.store_cattle_dy.gif?raw=true,io.anyline.examples.store,5,50,1974-04-30T10:29:29+05:336,Al Pacino,Marlon Brando,Anyline Scanner
322,Image classification,Tools,Dynamic,Object marker,Visual,https://github.com/jasonxsiu/GalleryImages/blob/main/Gif/io.anyline.examples.store_cattle_dy.gif?raw=true,io.anyline.examples.store,5,50,1974-04-30T10:29:29+05:337,Al Pacino,Marlon Brando,Anyline Scanner
323,Barcode scanning,Tools,Static,Camera frame,Visual,https://github.com/jasonxsiu/GalleryImages/blob/main/Gif/anyline_qr_code.gif?raw=true,io.anyline.examples.store,5,50,1974-04-30T10:29:29+05:338,Al Pacino,Marlon Brando,Anyline Scanner
324,Barcode scanning,Tools,Static,Flashlight,Visual,https://github.com/jasonxsiu/GalleryImages/blob/main/Gif/anyline_qr_code.gif?raw=true,io.anyline.examples.store,5,50,1974-04-30T10:29:29+05:339,Al Pacino,Marlon Brando,Anyline Scanner
325,Barcode scanning,Tools,Static,Vibration,Haptic,https://github.com/jasonxsiu/GalleryImages/blob/main/Gif/anyline_qr_code.gif?raw=true,io.anyline.examples.store,5,50,1974-04-30T10:29:29+05:340,Al Pacino,Marlon Brando,Anyline Scanner
326,Entity extraction,Tools,Static,Instruction,Text,https://github.com/jasonxsiu/GalleryImages/blob/main/Gif/io.anyline.examples.store_plate_sta_dy.gif?raw=true,io.anyline.examples.store,5,50,1974-04-30T10:29:29+05:341,Al Pacino,Marlon Brando,Anyline Scanner
327,Entity extraction,Tools,Static,Camera frame,Visual,https://github.com/jasonxsiu/GalleryImages/blob/main/Gif/io.anyline.examples.store_plate_sta_dy.gif?raw=true,io.anyline.examples.store,5,50,1974-04-30T10:29:29+05:342,Al Pacino,Marlon Brando,Anyline Scanner
328,Entity extraction,Tools,Static,Flashlight,Visual,https://github.com/jasonxsiu/GalleryImages/blob/main/Gif/io.anyline.examples.store_plate_sta_dy.gif?raw=true,io.anyline.examples.store,5,50,1974-04-30T10:29:29+05:343,Al Pacino,Marlon Brando,Anyline Scanner
329,Entity extraction,Tools,Static,Vibration,Haptic,https://github.com/jasonxsiu/GalleryImages/blob/main/Gif/io.anyline.examples.store_plate_sta_dy.gif?raw=true,io.anyline.examples.store,5,50,1974-04-30T10:29:29+05:344,Al Pacino,Marlon Brando,Anyline Scanner
330,Entity extraction,Tools,Dynamic,Object marker,Visual,https://github.com/jasonxsiu/GalleryImages/blob/main/Gif/io.anyline.examples.store_plate_sta_dy.gif?raw=true,io.anyline.examples.store,5,50,1974-04-30T10:29:29+05:345,Al Pacino,Marlon Brando,Anyline Scanner
331,Image classification,Tools,Static,Pop-up messages,Text,https://github.com/jasonxsiu/GalleryImages/blob/main/Gif/machinelearning.tensorflow.classifier.gif?raw=true,machinelearning.tensorflow.classifier,5,50,1974-04-30T10:29:29+05:346,Al Pacino,Marlon Brando,Objects Classify Machine Learning TensorFlow
332,Image classification,Tools,Static,Instruction,Text,https://github.com/jasonxsiu/GalleryImages/blob/main/Gif/machinelearning.tensorflow.classifier.gif?raw=true,machinelearning.tensorflow.classifier,5,50,1974-04-30T10:29:29+05:347,Al Pacino,Marlon Brando,Objects Classify Machine Learning TensorFlow
333,Speech recongnition,Libraries and Demo,Static,Pop-up messages,Text,https://github.com/jasonxsiu/GalleryImages/blob/main/Gif/machinelearning.tensorflow.speech.gif?raw=true,machinelearning.tensorflow.speech,5,50,1974-04-30T10:29:29+05:348,Al Pacino,Marlon Brando,Speech Recognition TensorFlow Machine Learning
334,Speech recongnition,Libraries and Demo,Static,Instruction,Text,https://github.com/jasonxsiu/GalleryImages/blob/main/Gif/machinelearning.tensorflow.speech.gif?raw=true,machinelearning.tensorflow.speech,5,50,1974-04-30T10:29:29+05:349,Al Pacino,Marlon Brando,Speech Recognition TensorFlow Machine Learning
